frames_ids,AU1,AU2,AU4,AU6,AU12,AU15,AU20,AU25,EXPR,valence,arousal
1,0,0,1,0,0,0,0,0,2,0.09855040679930852,0.49042191667371965
2,0,0,1,0,0,0,0,0,2,-0.18536476198412286,0.34610040883815496
3,0,0,1,0,0,0,0,0,2,-0.22208802490862778,0.34709221678847235
4,0,0,1,0,0,0,0,0,2,-0.1983913829746215,0.35568515266487855
5,0,0,1,0,0,0,0,0,2,-0.24295597395394003,0.3189033870769076
6,0,0,1,0,0,0,0,0,2,-0.23367856108387441,0.3018972004678002
7,0,0,1,0,0,0,0,0,2,-0.25372294974543996,0.3100275701879964
8,0,0,1,0,0,0,0,0,2,-0.1640616173558795,0.20516527096103676
9,0,0,1,0,0,0,0,0,2,-0.1675872043936244,0.24474357377345618
10,0,0,1,0,0,0,0,0,2,-0.1610712155203433,0.2212042040069048
11,0,0,1,0,0,0,0,0,2,-0.1911813030509573,0.2263236146689833
12,0,0,1,0,0,0,0,0,2,-0.19778282301328884,0.22550120047832783
13,0,0,1,0,0,0,0,0,2,-0.16457073561430569,0.21017150718130556
14,0,0,1,0,0,0,0,0,2,-0.22505893186653822,0.21288804572663803
15,0,0,1,0,0,0,0,0,2,-0.1918451896145646,0.20027039211709047
16,0,0,1,0,0,0,0,0,2,-0.18577153783438632,0.19600320116028574
17,0,0,1,0,0,0,0,0,2,-0.20914882468059662,0.18484879497095547
18,0,0,1,0,0,0,0,0,2,-0.18702965962859855,0.17924472468439484
19,0,0,1,0,0,0,0,0,2,-0.17365758881695867,0.16260895525767022
20,0,0,1,0,0,0,0,0,1,-0.14224544046814314,0.13641177445012873
21,0,0,1,0,0,0,0,0,1,-0.16020271740853792,0.16618640037670138
22,0,0,1,0,0,0,0,0,1,-0.1451713934442715,0.14026303824625516
23,0,0,1,0,0,0,0,0,0,-0.1321273963028369,0.1225663029319165
24,0,0,1,0,0,0,0,0,0,-0.12881594140842365,0.0746769802767391
25,0,0,1,0,0,0,0,0,1,-0.1080158265295292,0.07389622154694635
26,0,0,1,0,0,0,0,0,1,-0.11030285741129013,0.07472306993593898
27,0,0,1,0,0,0,0,0,1,-0.11990362155790399,0.12002975839239197
28,0,0,1,0,0,0,0,0,1,-0.11449382613462056,0.11930118968073077
29,0,1,1,0,0,0,0,0,1,-0.11027453154766641,0.09384156056483714
30,0,0,1,0,0,0,0,0,1,-0.1032617945763234,0.09651186357644431
31,0,1,1,0,0,0,0,0,1,-0.12160097614641455,0.10746752337160469
32,0,0,1,0,0,0,0,0,1,-0.11489904847143124,0.1374863214104583
33,0,0,1,0,0,0,0,0,1,-0.11958536046165,0.13776703077172367
34,0,0,1,0,0,0,0,0,1,-0.10979306908618464,0.11835452600529316
35,0,0,1,0,0,0,0,0,1,-0.11283708896831074,0.12069305771422618
36,0,1,1,0,0,0,0,0,1,-0.11974728207937199,0.14105365315060076
37,0,0,1,0,0,0,0,0,1,-0.12290995893387227,0.1181692816317081
38,0,0,1,0,0,0,0,0,1,-0.12103221027523672,0.1238297001507721
39,0,0,1,0,0,0,0,0,1,-0.13288316587721444,0.1312485087883511
40,0,0,1,0,0,0,0,0,1,-0.14303333866164877,0.13919317289745725
41,0,0,1,0,0,0,0,0,1,-0.14806566308987773,0.14789391758753667
42,0,0,1,0,0,0,0,0,1,-0.1518242669009947,0.13913210349059416
43,0,0,1,0,0,0,0,0,1,-0.14136207991549263,0.11611793907114154
44,0,0,1,0,0,0,0,0,0,-0.12536927355502395,0.0994292909622584
45,0,1,1,0,0,0,0,0,0,-0.14262980479122092,0.11044797385846702
46,0,0,1,0,0,0,0,0,0,-0.12527156881620427,0.09208456778555715
47,0,0,1,0,0,0,0,0,0,-0.11027781062416346,0.0987306386600003
48,0,0,0,0,0,0,0,0,0,-0.11229636515858343,0.08205365450856714
49,0,0,0,0,0,0,0,0,0,-0.11660474652154862,0.07194763274961394
50,0,0,1,0,0,0,0,0,0,-0.1601983971103389,0.07930657646226645
51,0,0,1,0,0,0,0,0,0,-0.16329431553726628,0.11450609259037788
52,0,0,1,0,0,0,0,0,0,-0.14198711213631263,0.07028725700403905
53,0,0,1,0,0,0,0,0,0,-0.15562755896060385,0.12641869690024143
54,0,0,1,0,0,0,0,0,0,-0.16421380890594603,0.11768719153846366
55,0,1,1,0,0,0,0,0,0,-0.1564817785555007,0.10162090559759615
56,0,1,1,0,0,0,0,0,0,-0.17186360455142635,0.11249096242490367
57,0,0,1,0,0,0,0,0,1,-0.19121963666647823,0.138995447128668
58,0,1,1,0,0,0,0,0,0,-0.17880828261963636,0.11054182410436238
59,0,0,1,0,0,0,0,0,1,-0.1837885270177044,0.13449443009142809
60,0,1,1,0,0,0,0,0,1,-0.19718402193853096,0.14924578488142667
61,0,1,1,0,0,0,0,0,2,-0.20163098207864863,0.1354440581237309
62,0,1,1,0,0,0,0,0,2,-0.19583666754279927,0.13567170617783336
63,0,0,1,0,0,0,0,0,2,-0.1955101287795084,0.12259423585706629
64,0,0,1,0,0,0,0,0,2,-0.20649891973803997,0.1138173710021778
65,0,0,1,0,0,0,0,0,2,-0.20640267563315942,0.10127273102070347
66,0,0,1,0,0,0,0,0,2,-0.19835572590818634,0.08856960617336686
67,0,0,1,0,0,0,0,0,2,-0.21381816233655343,0.10025541098347224
68,0,0,1,0,0,0,0,0,1,-0.2460820594830071,0.12601084994323744
69,0,1,1,0,0,0,0,0,1,-0.26097979267299376,0.16221033285469988
70,0,1,1,0,0,0,0,0,1,-0.29265800876984077,0.21339544808908706
71,0,1,1,0,0,0,0,0,1,-0.2744972315819101,0.24417962333015894
72,0,1,1,0,0,0,0,0,1,-0.26614068960158255,0.26884142273583583
73,0,1,1,0,0,0,0,0,1,-0.24019109076011538,0.24403486515419845
74,0,0,1,0,0,0,0,0,1,-0.15439730832402251,0.20802399303494504
75,0,0,1,0,0,0,0,0,2,-0.1506307573719441,0.1670222759467402
76,0,0,1,0,0,0,0,0,1,-0.17750701821090556,0.17388424229514043
77,0,0,1,0,0,0,0,0,2,-0.14426320062729683,0.12790672265385322
78,0,0,1,0,0,0,0,0,2,-0.13506894507200315,0.15270930415901696
79,0,0,1,0,0,0,0,0,2,-0.13948684576653733,0.11257633001323002
80,0,0,1,0,0,0,0,0,2,-0.1494279530842936,0.12295395991838484
81,0,0,1,0,0,0,0,0,2,-0.12723530702734076,0.11469058780685848
82,0,0,1,0,0,0,0,0,0,-0.18402050350376067,0.09385517679497989
83,0,0,1,0,0,0,0,0,0,-0.194765985224972,0.0492276529426147
84,0,0,1,0,0,0,0,0,0,-0.20297266324939162,0.07491435171227508
85,0,0,1,0,0,0,0,0,0,-0.19802769131063927,0.07806900663203313
86,0,0,1,0,0,0,0,0,0,-0.19190559701344592,0.08671281139341817
87,0,0,1,0,0,0,0,0,0,-0.16043547381597917,0.044643963803537155
88,0,0,1,0,0,0,0,0,0,-0.1655894281269101,0.07099284819866479
89,0,0,1,0,0,0,0,0,0,-0.14367350447297983,0.026749697893759878
90,0,1,1,0,0,0,0,0,2,-0.14352543884581942,0.02793578500859435
91,0,0,0,0,0,0,0,0,0,-0.1450455925966564,0.0504901164186824
92,0,1,0,0,0,0,0,0,0,-0.14448490264016747,0.07682665472384537
93,0,0,0,0,0,0,0,0,2,-0.14981795038329443,0.07031673843065567
94,0,0,1,0,0,0,0,0,2,-0.14949851908328896,0.059441197767706656
95,0,1,1,0,0,0,0,0,2,-0.156522777841402,0.06256482532664542
96,0,1,1,0,0,0,0,0,2,-0.13706507606088725,0.05675204552857104
97,0,1,1,0,0,0,0,0,2,-0.14721152112255564,0.08841232527782647
98,0,1,0,0,0,0,0,0,2,-0.13029817050004286,0.055090073526738864
99,0,1,0,0,0,0,0,0,2,-0.13154445232602918,0.09323552678535248
100,0,0,1,0,0,0,0,0,2,-0.1268387880776764,0.0957852886671102
101,0,0,0,0,0,0,0,0,2,-0.13484649138990792,0.09164217513936909
102,0,1,0,0,0,0,0,0,2,-0.11795922830137184,0.06578498114954281
103,0,0,1,0,0,0,0,0,2,-0.12164070180274159,0.07646851413760722
104,0,0,0,0,0,0,0,0,2,-0.11689044942000984,0.05301273779600463
105,0,0,0,0,0,0,0,0,2,-0.11382490470025103,0.07755536746576816
106,0,0,1,0,0,0,0,0,2,-0.18463709087748284,0.2873879745112437
107,0,1,1,0,0,0,0,1,1,-0.31150368378669224,0.3844811865557475
108,0,1,1,0,0,0,0,1,1,-0.2806054730899632,0.3696888235618212
109,0,0,1,0,0,0,0,0,1,-0.247295152135561,0.32650204708088965
110,0,0,1,0,0,0,0,0,1,-0.2640805704960306,0.3062540914765313
111,0,1,1,0,0,0,0,0,1,-0.30740335058286106,0.3537752715300915
112,0,1,1,0,0,0,0,1,2,-0.33545249783568776,0.38885556029057805
113,0,1,1,1,0,0,0,1,2,-0.4022685107958847,0.43818431727183776
114,0,1,1,1,0,0,0,1,1,-0.43056409898992193,0.4504603763006774
115,0,1,1,1,0,0,0,1,1,-0.4456999505208316,0.4635771441328534
116,0,1,1,1,0,0,0,1,1,-0.44913794491194975,0.43932168027018437
117,0,1,1,1,0,0,0,1,1,-0.44594629239260314,0.42314615563219893
118,0,1,1,0,0,0,0,1,1,-0.3952864227237451,0.38253535006477146
119,0,1,1,0,0,0,0,1,2,-0.3685385171158583,0.3546383726520856
120,0,1,1,1,0,0,0,1,1,-0.37253077357921655,0.36565504447973673
121,0,1,1,1,0,0,0,1,1,-0.4056287750810091,0.3850815547293198
122,0,1,1,1,0,0,0,1,1,-0.42473003940693543,0.4100478752393667
123,0,1,1,0,0,0,0,1,1,-0.4086517493093485,0.3682119211206506
124,0,1,1,1,0,0,0,1,1,-0.3851587192100277,0.3609834967462933
125,0,1,1,0,0,0,0,1,1,-0.3898126720879717,0.3302150702281658
126,0,1,1,0,0,0,0,1,1,-0.3845805652243527,0.38255006206638514
127,0,1,1,0,0,0,0,1,1,-0.4138442144383015,0.3633253663245244
128,0,1,1,0,0,0,0,1,1,-0.3961390355513063,0.40133090181839887
129,0,1,1,0,0,0,0,1,1,-0.38658963073210456,0.37646571865403333
130,0,0,1,0,0,0,0,1,1,-0.378689299867562,0.3781193129712176
131,0,1,1,0,0,0,0,1,1,-0.37572157131293543,0.38157243449485995
132,0,0,1,0,0,0,0,1,1,-0.38334828297650486,0.34813368832079783
133,0,1,1,0,0,0,0,1,1,-0.3866591138955157,0.3499215663484248
134,0,1,1,0,0,0,0,1,1,-0.3414722461801783,0.29446404418099276
135,0,1,1,0,0,0,0,1,2,-0.3006291268607847,0.23403086414021484
136,0,1,1,0,0,0,0,1,2,-0.3073021579368384,0.22625954517187838
137,0,0,1,0,0,0,0,0,2,-0.2872242126123686,0.15856944268422293
138,0,0,1,0,0,0,0,0,0,-0.24198556922707024,0.12734239117095342
139,0,0,1,0,0,0,0,0,1,-0.2155003179765405,0.13452738408293374
140,0,0,1,0,0,0,0,0,0,-0.20128890202919908,0.12750889276350402
141,0,0,1,0,0,0,0,0,0,-0.20653340768828798,0.1337038474892707
142,0,0,1,0,0,0,0,0,0,-0.2030212094020834,0.11014112234605766
143,0,0,1,0,0,0,0,0,0,-0.18191850635431422,0.10810564227990414
144,0,0,1,0,0,0,0,0,0,-0.1750676485550541,0.062032518381448916
145,0,0,1,0,0,0,0,0,0,-0.15466799654409685,0.027111380079172905
146,0,0,1,0,0,0,0,0,0,-0.1611397653867148,0.05614953904755802
147,0,0,1,0,0,0,0,0,0,-0.17041387268660693,0.03717303370419689
148,0,0,1,0,0,0,0,0,0,-0.1720611741153622,0.036071739551660216
149,0,0,1,0,0,0,0,0,0,-0.18038393256229993,0.054388387128710705
150,0,0,1,0,0,0,0,0,0,-0.18294632085139473,0.043250403734610234
151,0,0,1,0,0,0,0,0,0,-0.18039176012328095,0.04286232441786281
152,0,0,1,0,0,0,0,0,0,-0.17657084422994798,0.03808131450051926
153,0,0,1,0,0,0,0,0,0,-0.18033106856991687,0.055502980855587636
154,0,0,1,0,0,0,0,0,2,-0.18459397222307566,0.06463630100418075
155,0,1,1,0,0,0,0,0,2,-0.18685182795314567,0.06483387154232902
156,0,0,1,0,0,0,0,0,2,-0.1888122518690867,0.09328632322017492
157,0,0,1,0,0,0,0,0,0,-0.18024977916349222,0.06952910267404816
158,0,0,1,0,0,0,0,0,0,-0.18787566279244955,0.07998016347961592
159,0,0,1,0,0,0,0,0,2,-0.17809415915613314,0.07184071413633458
160,0,0,1,0,0,0,0,0,2,-0.18219539400582252,0.0688892636374619
161,0,0,1,0,0,0,0,0,2,-0.19159246935496893,0.040404156769478734
162,0,1,1,0,0,0,0,0,2,-0.18895543909686816,0.055033185347718575
163,0,0,1,0,0,0,0,0,2,-0.18711001784418174,0.0491509757213
164,0,0,1,0,0,0,0,0,2,-0.2009962065081039,0.0713168464931904
165,0,0,1,0,0,0,0,0,2,-0.20247331737099517,0.10443757893517608
166,0,1,1,0,0,0,0,1,2,-0.24963082082410298,0.26321941611700145
167,0,1,1,0,0,0,0,1,2,-0.27280785598007873,0.24703649932665647
168,0,0,1,0,0,0,0,1,2,-0.24876733979142857,0.20635875682101432
169,0,0,1,0,0,0,0,1,2,-0.25623873972462635,0.20575521536490038
170,0,1,1,0,0,0,0,1,2,-0.2690855786280928,0.20534962101986529
171,0,1,1,0,0,0,0,1,2,-0.2893729954804785,0.19052124957210914
172,0,0,1,0,0,0,0,1,2,-0.28786042476483426,0.1335223784278097
173,0,1,1,0,0,0,0,1,2,-0.29711637950477837,0.16090054756128466
174,0,1,1,0,0,0,0,1,2,-0.2886731332186365,0.18705264307975175
175,0,1,1,0,0,0,0,1,2,-0.29294086711658907,0.20928167249688773
176,0,1,1,0,0,0,0,1,2,-0.3066939000993061,0.18939761219448156
177,0,0,1,0,0,0,0,1,2,-0.3114314236690438,0.21231881011963671
178,0,1,1,0,0,0,0,1,2,-0.28427574881750756,0.15508220458746338
179,0,1,1,0,0,0,0,1,2,-0.3136757316970034,0.2023127676526966
180,0,1,1,0,0,0,0,1,2,-0.3008505290865862,0.18667131004315846
181,0,1,1,0,0,0,0,1,2,-0.3094546805161946,0.2074966006299578
182,0,0,1,0,0,0,0,0,2,-0.2858645045558469,0.17845493705796173
183,0,0,1,0,0,0,0,0,2,-0.2678370429922851,0.20374314794561962
184,0,0,1,0,0,0,0,0,2,-0.2745839453449375,0.22905833951785762
185,0,0,1,0,0,0,0,0,2,-0.28649857415094676,0.22103985796658018
186,0,0,1,0,0,0,0,0,2,-0.3135954371889391,0.22976911559357838
187,0,0,1,0,0,0,0,0,2,-0.31990129148777524,0.25112714310862905
188,0,0,1,0,0,0,0,0,2,-0.2933545934287586,0.26052336296752876
189,0,0,1,0,0,0,0,0,2,-0.2544394047704134,0.2135807048823488
190,0,0,1,0,0,0,0,0,1,-0.26771847722059317,0.249475282855871
191,0,0,1,0,0,0,0,0,1,-0.2608431188548964,0.23545192765978795
192,0,0,1,0,0,0,0,0,1,-0.2596154506777806,0.23693739099575103
193,0,0,1,0,0,0,0,0,1,-0.247054995095823,0.23439897789227723
194,0,0,1,0,0,0,0,0,1,-0.24508621854290963,0.22486509701947824
195,0,0,1,0,0,0,0,0,1,-0.25235408376657253,0.24217169078091447
196,0,0,1,0,0,0,0,0,1,-0.2573506354728077,0.24950198253837258
197,0,0,1,0,0,0,0,0,1,-0.24433537435987476,0.24831723872768247
198,0,0,1,0,0,0,0,0,1,-0.2471335311726618,0.26475237275620817
199,0,0,1,0,0,0,0,0,1,-0.23189719344219686,0.2375526840271624
200,0,0,1,0,0,0,0,0,1,-0.23117275301391557,0.22709145456993654
201,0,0,1,0,0,0,0,0,1,-0.22374909524928388,0.21327506584164335
202,0,0,1,0,0,0,0,0,1,-0.2070532715879381,0.21453286140029754
203,0,0,1,0,0,0,0,0,1,-0.21225655141997302,0.21301105980589788
204,0,0,1,0,0,0,0,0,2,-0.1922849878840345,0.18163784520430976
205,0,0,1,0,0,0,0,0,2,-0.18228445805327384,0.18813175620437642
206,0,1,1,0,0,0,0,0,1,-0.19705839197175876,0.19561807360304026
207,0,0,1,0,0,0,0,0,1,-0.20432357362618575,0.2218777495865268
208,0,1,1,0,0,0,0,0,2,-0.20617952797635414,0.22338005005210437
209,0,1,1,0,0,0,0,0,1,-0.23941193331082009,0.22845465074734464
210,0,1,1,0,0,0,0,0,2,-0.22259420342130687,0.19653961094292366
211,0,1,1,0,0,0,0,0,1,-0.17449257510873542,0.19039177700362506
212,0,1,1,0,0,0,0,0,1,-0.15564667586371994,0.18458792289694473
213,0,0,1,0,0,0,0,0,1,-0.10612413017569408,0.16071869221540455
214,0,0,1,0,0,0,0,0,2,-0.106324823962304,0.1480133918812498
215,0,1,1,0,0,0,0,0,1,-0.11091292497248541,0.1502508760711766
216,0,0,1,0,0,0,0,0,2,-0.12337440120264598,0.14647566069432183
217,0,0,1,0,0,0,0,0,2,-0.09267994115361948,0.11427320862237948
218,0,0,1,0,0,0,0,0,1,-0.08983740877164041,0.10006952723243122
219,0,0,1,0,0,0,0,0,1,-0.10305904483692235,0.1782178545101104
220,0,0,1,0,0,0,0,0,1,-0.08323449705188217,0.1752009433571641
221,0,0,1,0,0,0,0,0,1,-0.12204127000203654,0.27534596452881627
222,0,0,1,0,0,0,0,0,1,-0.14843318147253934,0.21154550059183833
223,0,0,1,0,0,0,0,0,1,-0.131565120083427,0.20779399078118754
224,0,0,1,0,0,0,0,0,1,-0.09899280163287921,0.167130826273933
225,0,0,1,0,0,0,0,0,2,-0.1213965825583345,0.21311990184537866
226,0,0,1,0,0,0,0,0,1,-0.1179054973610236,0.24887282565530186
227,0,0,1,0,0,0,0,0,2,-0.1462974512189823,0.30072560068219895
228,0,0,1,0,0,0,0,0,2,-0.1355437107911138,0.26785447860234657
229,0,0,1,0,0,0,0,0,2,-0.1290652079961116,0.17872703995702685
230,0,0,1,0,0,0,0,0,2,-0.13430020868729217,0.198030296676351
231,0,0,1,0,0,0,0,0,2,-0.1303447966439356,0.25509303221846674
232,0,0,1,0,0,0,0,0,2,-0.14565467290996917,0.23240607380744455
233,0,0,1,0,0,0,0,0,2,-0.1466792791126002,0.20856094194919259
234,0,0,1,0,0,0,0,0,2,-0.15617608883430398,0.22495057395855447
235,0,0,1,0,0,0,0,0,2,-0.1695082510429386,0.24483197846596955
236,0,0,1,0,0,0,0,0,2,-0.17043379012274706,0.22355334515266703
237,0,0,1,0,0,0,0,0,2,-0.18887658663228846,0.2474398585832922
238,0,0,1,0,0,0,0,0,2,-0.19009003985832496,0.22554829214258407
239,0,0,1,0,0,0,0,0,2,-0.1868888438912109,0.20394048867379555
240,0,0,1,0,0,0,0,0,2,-0.1954380275963463,0.22057197002179327
241,0,0,1,0,0,0,0,0,2,-0.1616538236175027,0.20190483598210113
242,0,0,1,0,0,0,0,0,2,-0.1715206181152577,0.2040427071287443
243,0,0,1,0,0,0,0,0,2,-0.1219643533572947,0.1842985292957899
244,0,0,1,0,0,0,0,0,1,-0.0741638142958676,0.14781975192875646
245,0,0,1,0,0,0,0,0,1,-0.05869410538702814,0.11389772000869636
246,0,0,1,0,0,0,0,0,1,-0.06864985588349799,0.10049349407812479
247,0,0,1,0,0,0,0,0,1,-0.1030803713151009,0.10331424481333476
248,0,0,1,0,0,0,0,0,2,-0.08995478994237557,0.11785946177367702
249,0,1,1,0,0,0,0,0,2,-0.07802298900940902,0.15085509456203952
250,0,0,1,0,0,0,0,0,2,-0.08516667994033353,0.13406906654372022
251,0,0,1,0,0,0,0,0,2,-0.08172102979580433,0.12499524054950782
252,0,1,1,0,0,0,0,0,2,-0.11219010081779411,0.14313720751210648
253,1,1,1,0,0,0,0,0,2,-0.18126381545229572,0.15072501828207774
254,0,1,1,0,0,0,0,0,2,-0.15965608513521912,0.09513732185587281
255,0,1,1,0,0,0,0,0,2,-0.17618067828497214,0.09719389400101801
256,1,1,1,0,0,0,0,0,2,-0.22294499711011,0.1761422816075776
257,1,1,1,0,0,0,0,1,2,-0.3654497436456089,0.35961561197243425
258,1,1,1,0,0,0,0,1,2,-0.4209230452252086,0.4082389902614522
259,1,1,1,0,0,0,0,1,2,-0.44126773259669894,0.42564837093232194
260,0,0,1,0,0,0,0,1,2,-0.4342853277109832,0.42029513860593143
261,0,0,1,0,0,0,0,1,2,-0.41179663796700827,0.3900149552990975
262,0,0,1,0,0,0,0,1,2,-0.39685667254716944,0.37058393156621594
263,0,0,1,0,0,0,0,1,2,-0.34251433535552533,0.34406245652414646
264,0,0,1,0,0,0,0,1,2,-0.4013139270889377,0.4227991830036779
265,0,0,1,0,0,0,0,1,2,-0.35666009531920095,0.35339894207611083
266,0,0,1,0,0,0,0,1,2,-0.322380629803152,0.31510511552914966
267,0,0,1,0,0,0,0,1,2,-0.2927158436168133,0.3015573554316926
268,0,0,1,0,0,0,0,1,2,-0.29380970928315564,0.314548416596249
269,1,1,1,1,0,0,0,1,2,-0.467015007192171,0.40410289549464834
270,0,0,1,1,0,0,0,1,2,-0.4655685191667687,0.422625111103499
271,0,0,1,1,0,0,0,1,2,-0.44274953307927045,0.38617602911299864
272,0,0,1,1,0,0,0,1,2,-0.4441759301208597,0.3879091036628539
273,1,0,1,1,0,0,0,1,2,-0.45489439918004027,0.3726759467574179
274,0,0,1,0,0,0,0,1,2,-0.3164861634018293,0.29033623541717557
275,0,0,1,0,0,0,0,1,2,-0.23715164388781174,0.21693439100942513
276,0,0,1,0,0,0,0,1,2,-0.37408283745447224,0.32739796294021944
277,0,1,1,0,0,0,0,1,2,-0.47536852864524054,0.3999300995523011
278,0,0,1,0,0,0,0,1,2,-0.47213762765903466,0.4145841693312639
279,0,0,1,1,0,0,0,1,2,-0.47293782215044644,0.39725936072461887
280,0,0,1,1,0,0,0,1,2,-0.45613243277981186,0.37272686374643316
281,0,0,1,0,0,0,0,1,2,-0.3917882856422742,0.31864239254316895
282,0,0,1,0,0,0,0,1,2,-0.3353329301860771,0.2933913128769122
283,0,0,1,0,0,0,0,1,2,-0.30911690582472245,0.29206904790388705
284,0,0,1,0,0,0,0,1,2,-0.3023844685307459,0.3106437723097194
285,0,0,1,0,0,0,0,1,2,-0.29732552862505573,0.30876070979713016
286,0,0,1,0,0,0,0,1,2,-0.3837564548609264,0.359610766849456
287,0,0,1,0,0,0,0,1,2,-0.47379895985987364,0.4015699753470374
288,0,0,1,0,0,0,0,1,2,-0.4621351545180292,0.41745975510198857
289,0,0,1,0,0,0,0,1,2,-0.4346697332205766,0.4031796793064322
290,0,0,1,1,0,0,0,1,2,-0.425196876165788,0.4010603017392751
291,0,0,1,1,0,0,0,1,2,-0.41803031580792255,0.4032609463128639
292,0,0,1,1,0,0,0,1,2,-0.4206158453751797,0.4109141851681909
293,0,0,1,1,0,0,0,1,2,-0.33407134408327316,0.3361332329697784
294,0,0,1,0,0,0,0,1,2,-0.256563850653995,0.29351771205026445
295,0,0,1,0,0,0,0,1,2,-0.25900162687206546,0.2937017528854897
296,0,0,1,0,0,0,0,1,2,-0.2550411177247665,0.2850974788199987
297,0,0,1,1,0,0,0,1,2,-0.3608213446997596,0.3593257485565692
298,0,0,1,1,0,0,0,1,2,-0.46249011189885153,0.47408233295305086
299,0,0,1,1,0,0,0,1,2,-0.46064757877856644,0.4567820765139338
300,0,0,1,0,0,0,0,1,2,-0.3979953447706067,0.4174029485132593
301,0,0,1,0,0,0,0,1,2,-0.250555602636029,0.3608414652836998
302,0,0,1,0,0,0,0,0,2,-0.17072351735489644,0.17319996552051675
303,0,0,1,0,0,0,0,0,2,-0.17220381461083892,0.17334432212488818
304,0,0,1,0,0,0,0,0,2,-0.20169807522937563,0.22282241901848457
305,0,0,1,0,0,0,0,1,2,-0.27074972578741024,0.38324550123989426
306,0,0,1,0,0,0,0,1,2,-0.3430800042559368,0.43098429927148996
307,0,0,1,0,0,0,0,1,2,-0.3551028106778272,0.4071947125914065
308,0,0,1,0,0,0,0,1,2,-0.3960039529713532,0.41021183054698124
309,0,0,1,0,0,0,0,1,2,-0.3788789211018746,0.43440847504749197
310,0,0,1,0,0,0,0,1,2,-0.36741430550586973,0.4156181580742428
311,0,0,1,0,0,0,0,1,2,-0.3680973035117955,0.40649206525229503
312,0,0,1,0,0,0,0,1,2,-0.37091671243941077,0.4301352692449366
313,0,0,1,0,0,0,0,1,2,-0.3455290002840278,0.4171456394741605
314,0,0,1,0,0,0,0,1,2,-0.3355337715873152,0.39058252176772296
315,0,0,1,0,0,0,0,1,2,-0.36269371828836344,0.41696436483547766
316,0,0,1,0,0,0,0,1,2,-0.3238182523974071,0.4102181353434723
317,0,0,1,0,0,0,0,1,2,-0.3386840621946918,0.3955096968106532
318,0,0,1,0,0,0,0,1,2,-0.31513795822454427,0.3847152653646556
319,0,0,1,0,0,0,0,1,2,-0.30981180616531917,0.38355722022242833
320,0,0,1,0,0,0,0,1,2,-0.2530656645846504,0.3314002125285026
321,0,0,1,0,0,0,0,1,2,-0.27163556674005174,0.32544162851072056
322,0,0,1,0,0,0,0,1,2,-0.2271597449925091,0.29993279469444556
323,0,0,1,0,0,0,0,1,2,-0.25889922654574843,0.32189984041523473
324,0,0,1,0,0,0,0,1,2,-0.23415158114910717,0.2851009937156432
325,0,0,1,0,0,0,0,1,2,-0.26143865922686504,0.32706515396038355
326,0,0,1,0,0,0,0,1,2,-0.25849025963658573,0.3259483587952624
327,0,0,1,0,0,0,0,1,2,-0.2547052978648266,0.32604398837276277
328,0,0,1,0,0,0,0,1,2,-0.22073269913610272,0.27964706993110366
329,0,0,1,0,0,0,0,1,2,-0.2418437586104694,0.3048264553255744
330,0,0,1,0,0,0,0,1,2,-0.2169813526561484,0.289187549858501
331,0,0,1,0,0,0,0,1,2,-0.2343678136944379,0.3024040874657465
332,0,0,1,0,0,0,0,1,2,-0.22268372431005304,0.3063221847129935
333,0,0,1,0,0,0,0,1,2,-0.2582380822063179,0.32435446014738095
334,0,0,1,0,0,0,0,1,2,-0.2718858838228412,0.34644545906676744
335,0,0,1,0,0,0,0,1,2,-0.3445151324941482,0.3927918096091352
336,0,0,1,0,0,0,0,1,2,-0.31271477324863606,0.3670585831461816
337,0,0,1,0,0,0,0,1,2,-0.314567762273854,0.3978238489056054
338,0,0,1,0,0,0,0,1,2,-0.32345120134567357,0.40139862048703134
339,0,0,1,0,0,0,0,1,2,-0.3547311703809292,0.39980761392507697
340,0,0,1,0,0,0,0,1,2,-0.39440330189015527,0.4389784212000545
341,0,0,1,0,0,0,0,1,2,-0.29796930169993036,0.38667543641579516
342,0,1,1,0,0,0,0,1,2,-0.4101645941937981,0.44828163257855175
343,0,1,1,0,0,0,0,1,2,-0.4212724972733811,0.4795433609381831
344,0,0,1,0,0,0,0,1,2,-0.4566281525981858,0.4913871974384068
345,0,0,1,0,0,0,0,1,2,-0.467437739408955,0.47208278728832825
346,0,0,1,0,0,0,0,1,2,-0.47806601962120593,0.46654431872823454
347,0,0,1,0,0,0,0,1,2,-0.4895078689817303,0.45989507546274616
348,0,0,1,0,0,0,0,1,2,-0.4691414973303357,0.45358845560756306
349,0,0,1,0,0,0,0,1,2,-0.4583386393680581,0.44952858440688265
350,0,0,1,0,0,0,0,1,2,-0.4588020411335348,0.45713771754986054
351,0,0,1,0,0,0,0,1,2,-0.4675339664804357,0.44744478782951375
352,0,1,1,0,0,0,0,1,2,-0.49395764638948586,0.47893045970091686
353,1,1,1,0,0,0,0,1,1,-0.5186621081068695,0.4738221773862421
354,1,1,1,0,0,0,0,1,1,-0.506015550725064,0.46779299254749745
355,1,0,1,0,0,0,0,1,1,-0.5024426743184449,0.47415293484166454
356,0,0,1,0,0,0,0,1,1,-0.5145000647431803,0.47454065601126966
357,0,0,1,0,0,0,0,1,1,-0.5103108760193114,0.4765008098988083
358,0,0,1,1,0,0,0,1,1,-0.4904076207220848,0.47256293109354647
359,0,0,1,0,0,0,0,1,2,-0.46068480408346085,0.4267506414050186
360,0,0,1,0,0,0,0,1,2,-0.36764355350628886,0.3480261707231157
361,0,0,1,0,0,0,0,1,2,-0.35645489076667125,0.36319422234450216
362,0,0,1,0,0,0,0,1,2,-0.3179402271481722,0.35262000335895105
363,0,0,1,0,0,0,0,1,2,-0.2810811462419991,0.32950416327405124
364,0,0,1,0,0,0,0,1,2,-0.2924680344417299,0.34770365603311026
365,0,0,1,0,0,0,0,1,2,-0.29118510634687395,0.3888455435455972
366,0,0,1,1,0,0,0,1,2,-0.3272475251241735,0.42088829133028494
367,0,0,1,0,0,0,0,1,2,-0.32453478282121445,0.3980485813624813
368,0,0,1,0,0,0,0,1,2,-0.3243648236507158,0.38657480693501894
369,0,0,1,0,0,0,0,1,2,-0.40423538522353697,0.38551899649993215
370,0,0,1,0,0,0,0,1,1,-0.46019730649545404,0.4248947321489379
371,0,1,1,0,0,0,0,1,2,-0.33784840114745557,0.36438470873001366
372,0,0,1,0,0,0,0,0,2,-0.19271908098170049,0.21148634754047765
373,0,1,1,0,0,0,0,1,2,-0.24462837777345586,0.3300014398869518
374,1,1,1,0,0,0,0,1,2,-0.4145718769378666,0.4015088190652405
375,0,1,1,0,0,0,0,1,2,-0.4147055063880735,0.3894957844167947
376,0,1,1,0,0,0,0,1,2,-0.32853341593382585,0.3894325063907001
377,0,1,1,0,0,0,0,1,0,-0.3123786870855839,0.4162853538597883
378,1,1,1,0,0,0,0,1,1,-0.32838695550852115,0.45527547354944725
379,1,1,1,0,0,0,0,1,2,-0.4174312055172203,0.44010687661724834
380,1,1,1,0,0,0,0,1,2,-0.45173054076210395,0.4611026322236284
381,1,1,1,0,0,0,0,1,2,-0.48585805233022644,0.4694810929282346
382,1,1,1,0,0,0,0,1,2,-0.4384108072401049,0.4232728345868005
383,0,0,1,0,0,0,0,1,2,-0.42155157055975384,0.40045201813949166
384,0,0,1,0,0,0,0,1,2,-0.3735059151168619,0.35521731830177516
385,0,0,1,0,0,0,0,1,2,-0.21439297604190777,0.2007906528336829
386,0,0,1,0,0,0,0,1,2,-0.2337361992134615,0.211122241876039
387,0,0,1,0,0,0,0,1,2,-0.24630204160808053,0.26403658591995105
388,0,0,1,0,0,0,0,1,2,-0.30461640932940337,0.2963658834096828
389,0,0,1,0,0,0,0,1,2,-0.2761376357306482,0.2841358926931493
390,0,0,1,0,0,0,0,1,2,-0.20736786146574707,0.15977398874728296
391,0,0,1,0,0,0,0,0,2,-0.18867279797651515,0.14469914099103523
392,0,0,1,0,0,0,0,1,2,-0.20234107639407742,0.1620539497020409
393,0,0,1,0,0,0,0,1,2,-0.21731668117756375,0.19647934960544491
394,0,0,1,0,0,0,0,0,2,-0.18192254293305613,0.1547299871515286
395,0,0,1,0,0,0,0,0,2,-0.1715562913909947,0.13905195019354946
396,0,0,1,0,0,0,0,1,2,-0.20314750231275533,0.23005124720695763
397,0,1,1,0,0,0,0,1,2,-0.2975158594475177,0.2965258205168585
398,0,0,1,0,0,0,0,1,2,-0.43037770769718164,0.39070177151619345
399,0,1,1,0,0,0,0,1,1,-0.47635557412899004,0.45054274331625105
400,1,1,1,0,0,0,0,1,2,-0.4815632282514248,0.46625540792899145
401,0,1,1,0,0,0,0,1,2,-0.4614187275537437,0.4606987924137348
402,1,1,1,0,0,0,0,1,2,-0.4842372810173976,0.5100497980081279
403,1,1,1,0,0,0,0,1,2,-0.4657335222965278,0.47492495750990005
404,1,1,1,0,0,0,0,1,2,-0.46600418802546834,0.5234104499089115
405,1,1,1,0,0,0,0,1,2,-0.450726853641467,0.4875468386775249
406,1,1,1,0,0,0,0,1,2,-0.4566837434877494,0.4763680937007607
407,0,0,1,0,0,0,0,1,2,-0.4700342930499526,0.46950979544597327
408,0,0,1,0,0,0,0,1,2,-0.4601845902277426,0.47154614362271347
409,0,0,1,0,0,0,0,1,2,-0.4556305530981933,0.479077716776182
410,0,1,1,0,0,0,0,1,2,-0.4658043456331239,0.4555548454150802
411,0,1,1,0,0,0,0,1,2,-0.47682477960111813,0.4736409324518478
412,1,1,1,0,0,0,0,1,2,-0.4794056329119484,0.4766725352965295
413,0,1,1,0,0,0,0,1,2,-0.48607919003514233,0.48633637596657
414,0,1,1,1,0,0,0,1,6,-0.48223334303896226,0.5006996837542637
415,1,1,1,0,0,0,0,1,6,-0.5026471616331133,0.5055149829100916
416,1,1,1,0,0,0,0,1,6,-0.5083998732110272,0.5018423118591798
417,1,1,1,0,0,0,0,1,6,-0.4915605903960042,0.4760293950247087
418,1,1,1,0,0,0,0,1,6,-0.5129174647495108,0.5022377460998924
419,1,1,1,0,0,0,0,1,6,-0.5137620304993011,0.506298404067485
420,1,1,1,0,0,0,0,1,6,-0.515642549906165,0.4919612244764146
421,1,1,1,0,0,0,0,1,6,-0.5211642862096165,0.4859985394348194
422,1,1,1,0,0,0,0,1,6,-0.5208709633037583,0.506292932207304
423,1,1,1,0,0,0,0,1,6,-0.5088849890120114,0.4768847751149319
424,1,1,1,0,0,0,0,1,2,-0.5091480642582419,0.47809041985371875
425,1,1,1,0,0,0,0,1,2,-0.49536165559632195,0.4456512281076834
426,1,1,1,0,0,0,0,1,2,-0.48380375808291753,0.43622769207056405
427,1,1,1,0,0,0,0,1,2,-0.33513678325720037,0.2568909711339265
428,0,1,1,0,0,0,0,0,2,-0.21424306165059345,0.09643862916977677
429,0,1,1,0,0,0,0,0,2,-0.1634758686000408,0.056690311935534164
430,0,0,1,0,0,0,0,0,2,-0.19993819926840897,0.09233211404889032
431,0,0,1,0,0,0,0,0,2,-0.3260523024502235,0.20629914217064838
432,0,1,1,0,0,0,0,1,2,-0.42133496479073074,0.2858063411641571
433,1,1,1,0,0,0,0,1,2,-0.4942789381518531,0.39891565225307674
434,1,1,1,0,0,0,0,0,2,-0.24371458733405338,0.13556540595661648
435,1,1,1,0,0,0,1,0,0,-0.1667063092770006,0.044803146836592894
436,0,1,1,0,0,0,1,0,0,-0.15027588616909565,-0.02024876755221114
437,0,1,1,0,0,0,1,0,0,-0.23667607049604786,0.1534788743347713
438,0,0,1,0,0,0,1,1,2,-0.5076490572131372,0.3569915461856381
439,0,0,1,0,0,0,1,0,0,-0.33916491727454984,0.20698537226570274
440,0,0,1,0,0,0,1,0,0,-0.30784921185113495,0.2108163016260062
441,0,0,1,0,0,0,1,0,0,-0.22851970195954083,0.14774472464954375
442,0,0,1,0,0,0,0,0,0,-0.14829795182939914,0.097333116395595
443,0,0,1,0,0,0,0,0,2,-0.13400268468141904,0.004336911357792128
444,0,1,1,0,0,0,0,1,2,-0.27508905917363197,0.21959959302636742
445,1,1,1,0,0,0,0,1,2,-0.4148950806174023,0.3555678600310591
446,1,1,1,0,0,0,0,1,2,-0.31079038023017347,0.2551987089130929
447,1,1,1,0,0,0,0,0,2,-0.1300296771997206,0.06434798341146421
448,1,1,1,0,0,0,0,0,2,-0.15497264159555357,0.046758083381542984
449,1,1,1,0,0,0,0,1,2,-0.38838533586730545,0.33257296487787047
450,1,1,1,0,0,0,0,1,2,-0.42668349309027886,0.30084505998284394
451,1,1,1,0,0,0,0,1,2,-0.4307665519215669,0.34861105578755464
452,1,1,1,0,0,0,0,1,2,-0.4016592611610816,0.3527893169268377
453,1,1,1,0,0,0,0,1,2,-0.43376773957386744,0.3457979416370538
454,1,1,0,0,0,0,0,1,6,-0.5344067453682472,0.438055561578183
455,1,1,0,0,0,0,0,1,6,-0.5184644745926276,0.4365995121984987
456,1,1,0,0,0,0,0,1,6,-0.5149456722540077,0.41640860754322545
457,1,1,1,0,0,0,0,1,2,-0.5058942499163095,0.40507015235581134
458,1,1,1,0,0,0,0,1,2,-0.23296268685647337,0.07916842062810528
459,1,1,1,0,0,0,0,1,2,-0.29767967804065465,0.29616151061399193
460,1,1,1,0,0,0,0,1,2,-0.4405664485254276,0.3227045766175969
461,1,1,0,0,0,0,0,1,2,-0.5341998518829074,0.4643030547487892
462,1,1,0,0,0,0,0,1,2,-0.5235942302227302,0.4476755016795848
463,1,1,0,0,0,0,0,1,2,-0.5025676612146385,0.41870618998808284
464,1,1,0,0,0,0,0,1,2,-0.49742803422620796,0.3975576966400502
465,1,1,0,0,0,0,0,1,2,-0.49235280075472,0.3823481002075009
466,1,1,0,0,0,0,0,1,2,-0.49753780962782906,0.4243059742209305
467,1,1,0,0,0,0,0,1,6,-0.5091535493357745,0.47344993629590837
468,1,1,0,0,0,0,0,1,6,-0.5227061513892534,0.4308528773039333
469,1,1,0,0,0,0,0,1,6,-0.5189815092913034,0.44192717213943394
470,1,1,0,0,0,0,0,1,6,-0.5203689939440475,0.43136276559303754
471,1,1,0,0,0,0,0,1,2,-0.5126544099797397,0.4452373172144258
472,1,1,1,0,0,0,0,1,2,-0.4578245350842879,0.3434020550308846
473,1,1,1,0,0,0,0,1,2,-0.3888124468350343,0.2232202915597314
474,1,1,1,0,0,0,0,1,2,-0.41253245870987154,0.29246720373875595
475,1,1,0,0,0,0,0,1,2,-0.491388585863445,0.41256743918271044
476,1,1,1,0,0,0,0,1,2,-0.48428686703310203,0.34058463941083134
477,1,1,1,0,0,0,0,1,2,-0.5021715928309469,0.46460664365440596
478,1,1,1,0,0,0,0,1,2,-0.5049301927976654,0.46219461984123633
479,1,1,1,0,0,0,0,1,2,-0.5132343390187567,0.5196551322526494
480,1,1,1,0,0,0,0,1,2,-0.502196086763625,0.49727405698688104
481,1,1,1,0,0,0,0,1,2,-0.4969783961898525,0.5046206727795498
482,1,1,1,0,0,0,0,1,2,-0.48304301778032255,0.5079291536423719
483,1,1,1,0,0,0,0,1,2,-0.47009617300462103,0.48301880822002285
484,1,1,1,0,0,0,0,1,2,-0.48028325778049247,0.4687171857359842
485,1,1,1,0,0,0,0,1,2,-0.4562490257108278,0.4444215738913043
486,1,1,1,0,0,0,0,1,2,-0.38457340584442906,0.37725940970152505
487,1,1,1,0,0,0,0,0,2,-0.23412648876546888,0.0919718827415061
488,1,1,1,0,0,0,0,0,2,-0.24994665652813736,0.03615584530818612
489,1,1,1,0,0,0,0,0,2,-0.30725520068938894,0.18947357832650202
490,1,1,1,0,0,0,0,1,2,-0.3765086693869978,0.39007704060426657
491,1,1,1,0,0,0,0,1,2,-0.4291897906016522,0.4730577371757182
492,1,1,1,0,0,0,0,1,2,-0.44720880283612613,0.4884190258484235
493,1,1,1,0,0,0,0,1,2,-0.4599104041844839,0.4794714433435154
494,1,1,1,0,0,0,0,1,2,-0.44593250947103746,0.47184482067945943
495,1,1,1,0,0,0,0,1,2,-0.4083467329481593,0.4536123209614551
496,1,1,1,0,0,0,0,1,2,-0.37539129650624664,0.43539047515399654
497,1,1,1,0,0,0,0,1,2,-0.3580671740652945,0.42333508418309246
498,1,1,1,0,0,0,0,0,2,-0.25486422595292285,0.19084759947451704
499,1,1,1,0,0,0,0,0,2,-0.22551157318153672,0.20647011312509045
500,1,1,1,0,0,0,0,0,2,-0.26981440886524266,0.31026762446976797
501,1,1,1,0,0,0,0,1,2,-0.3189477835855398,0.34388729955657915
502,1,1,1,0,0,0,0,1,2,-0.3657698392895614,0.3724295633575437
503,1,1,1,0,0,0,0,1,2,-0.3506437711016349,0.37139173272972625
504,1,1,1,0,0,0,0,0,2,-0.23587620132725298,0.24300688464733716
505,1,1,1,0,0,0,0,0,2,-0.2781873247892547,0.3124778391180657
506,1,1,1,0,0,0,0,0,2,-0.30607355500595945,0.41078613321051777
507,1,1,1,0,0,0,0,1,2,-0.4611115016328098,0.49055351199594466
508,1,1,1,0,0,0,0,1,2,-0.4676858484193585,0.5181620884227173
509,1,1,1,0,0,0,0,1,2,-0.46608747860208455,0.5150415311585866
510,1,1,1,0,0,0,0,1,2,-0.45307037577118814,0.5081050875167803
511,1,1,1,0,0,0,0,1,2,-0.3773682747697948,0.41388845706579114
512,1,1,1,0,0,0,0,0,2,-0.2598791225295588,0.29154041967060607
513,1,0,1,0,0,0,0,0,2,-0.2601985453557542,0.26123687485232944
514,1,1,1,0,0,0,0,0,2,-0.2508180441601374,0.3102422572157688
515,1,1,1,0,0,0,0,1,2,-0.3293342209730518,0.413161354237481
516,1,1,1,0,0,0,0,1,2,-0.40179395577625227,0.47347293218511977
517,1,1,1,0,0,0,0,1,2,-0.4439803502739922,0.4882498936709261
518,1,1,1,0,0,0,0,1,2,-0.43042867639221516,0.49415229299215985
519,1,0,1,0,0,0,0,0,2,-0.2563095310401159,0.3833333386512668
520,1,0,1,0,0,0,0,0,2,-0.18517369438670458,0.07487908606172386
521,1,0,1,0,0,0,0,0,2,-0.19285187103531304,0.10063768518892552
522,1,1,1,0,0,0,0,0,2,-0.2185394583977637,0.2616796145142104
523,1,0,1,0,0,0,0,1,2,-0.33865728182411803,0.438880588228226
524,1,0,1,0,0,0,0,1,2,-0.4542122425290904,0.48688571522392227
525,1,0,1,0,0,0,0,1,2,-0.4681312121293128,0.5165918588938533
526,1,1,1,0,0,0,0,1,2,-0.4770711819835829,0.4991839035340632
527,1,1,1,0,0,0,0,1,2,-0.496403232998809,0.5454836317160362
528,1,1,1,0,0,0,0,1,2,-0.4853055080112475,0.5518500097463592
529,1,1,1,0,0,0,0,1,2,-0.4134801123421456,0.50520145930166
530,1,1,1,0,0,0,0,0,2,-0.2787404269283319,0.31176891899667675
531,1,1,1,0,0,0,0,0,2,-0.29867349736282217,0.25804643339085337
532,1,1,1,0,0,0,0,1,2,-0.36681900381135113,0.3347484085488279
533,1,1,1,0,0,0,0,1,2,-0.44991599190306214,0.4611127799144014
534,1,1,1,0,0,0,0,1,2,-0.4713132944200065,0.4961492627687556
535,1,1,1,0,0,0,0,1,2,-0.48274976452873825,0.48584777872862384
536,1,1,1,0,0,0,0,1,2,-0.4844021617303186,0.5232657795453345
537,1,1,1,0,0,0,0,1,2,-0.4937941260087476,0.5170084000044305
538,1,1,1,0,0,0,0,1,2,-0.47072641463723575,0.4805142801809492
539,1,1,1,0,0,0,0,0,2,-0.3835804283888521,0.3574793313011085
540,1,1,1,0,0,0,0,0,2,-0.2930133346449829,0.25691457512469856
541,1,1,1,0,0,0,0,0,2,-0.24053340425138903,0.19814720547660003
542,1,1,1,0,0,0,0,0,2,-0.2792222922833294,0.2806962317983178
543,1,1,1,0,0,0,0,1,2,-0.3905197655978172,0.3965985038023637
544,1,1,1,0,0,0,0,1,2,-0.456636950943472,0.49735244945316603
545,1,1,1,0,0,0,0,1,2,-0.46368838991972894,0.4861221621502312
546,1,1,1,0,0,0,0,1,2,-0.4688045570479804,0.4777561272617036
547,1,1,1,0,0,0,0,1,2,-0.47399233883142616,0.4785404461926142
548,1,1,1,0,0,0,0,1,2,-0.4966952620138488,0.4470865564347293
549,1,1,1,0,0,0,0,1,2,-0.4849036182001184,0.4598937923744271
550,1,1,1,0,0,0,0,1,2,-0.448332044600791,0.4521908310585115
551,1,1,1,0,0,0,0,1,2,-0.4479127491282079,0.4267177302114616
552,1,1,1,0,0,0,0,1,2,-0.45536944863086226,0.4531115948032636
553,1,1,1,0,0,0,0,1,2,-0.4638449803023832,0.4622396021119416
554,1,1,1,0,0,0,0,1,2,-0.47016099981556186,0.4642726858820472
555,1,1,1,0,0,0,0,1,2,-0.4633195462987428,0.46568652556437107
556,1,1,1,0,0,0,0,1,2,-0.475955799190591,0.48671535121148296
557,1,1,1,0,0,0,0,1,2,-0.488298768069638,0.4884252906378701
558,1,1,1,0,0,0,0,1,2,-0.48795448291869103,0.4790381094483706
559,1,1,1,0,0,0,0,1,2,-0.4958970802254044,0.469805159811298
560,1,1,1,0,0,0,0,1,2,-0.4949298262669656,0.46765903509865303
561,1,1,1,0,0,0,0,1,2,-0.49697848584343635,0.4726327013156964
562,1,1,1,0,0,0,0,1,2,-0.49344291400216456,0.46501301117792815
563,1,1,1,0,0,0,0,1,2,-0.49447736401251813,0.4654757187573092
564,1,1,1,0,0,0,0,1,2,-0.48634582438497,0.4570794652482665
565,1,1,1,0,0,0,0,1,2,-0.4858922341158369,0.4420645359388895
566,1,1,1,0,0,0,0,1,2,-0.4846315931591611,0.44517469308553503
567,1,0,1,0,0,0,0,1,2,-0.48291277339969957,0.4189796421514504
568,1,1,1,0,0,0,0,1,2,-0.48970286118013684,0.44413002757784464
569,1,1,1,0,0,0,0,1,2,-0.48557361903428836,0.4295214712788276
570,1,1,1,0,0,0,0,1,2,-0.48343719297094817,0.4279985394356403
571,1,1,1,0,0,0,0,1,2,-0.4932881849542211,0.43308555228041323
572,1,1,1,0,0,0,0,1,6,-0.512609204579157,0.5016228795299722
573,1,1,1,0,0,0,0,1,6,-0.5305393075794104,0.5188407443852874
574,1,1,1,0,0,0,0,1,2,-0.5238920613283929,0.5101151546343891
575,1,1,1,0,0,0,0,1,2,-0.5191459587528554,0.5138855542126723
576,1,1,1,0,0,0,0,1,2,-0.5224420785004775,0.5189663093249116
577,1,1,1,0,0,0,0,1,2,-0.5063560998134657,0.5084845565633209
578,1,1,1,0,0,0,0,1,2,-0.5249883951680538,0.5185714969694871
579,1,1,1,0,0,0,0,1,2,-0.5061946899636258,0.5117007480209729
580,1,1,1,0,0,0,0,1,2,-0.5128257207214024,0.49645958303804744
581,1,1,1,0,0,0,0,1,2,-0.48936201946114466,0.46768110927108564
582,1,1,1,0,0,0,0,1,2,-0.46470098385945774,0.43322497306354824
583,1,0,1,0,0,0,0,0,2,-0.2658401234657504,0.12538396742341934
584,1,0,1,0,0,0,0,0,2,-0.18469260119385775,0.00022039484036588675
585,1,0,1,0,0,0,0,0,2,-0.22582611288127832,0.03173113647407208
586,1,0,1,0,0,0,0,0,2,-0.24113004158119264,-0.009528660730115733
587,1,0,1,0,0,0,0,0,2,-0.2469260431963975,-0.0643221068588135
588,0,0,1,0,0,0,0,0,2,-0.24737205940810353,-0.12931034138034053
589,1,0,1,0,0,0,0,0,2,-0.24115050319079806,-0.14598585258385077
590,1,0,1,0,0,0,0,0,2,-0.23601975514611695,-0.18044496408516644
591,1,0,1,0,0,0,0,0,2,-0.17663366579692694,-0.2363421493332442
592,1,0,1,0,0,0,0,0,2,-0.192863216790628,-0.20972124017824084
593,1,0,1,0,0,0,0,0,2,-0.1772350363975612,-0.20839879867669786
594,1,0,1,0,0,0,0,0,2,-0.2158652098265808,-0.10760578034004492
595,1,0,1,0,0,0,0,0,2,-0.20519222121756214,-0.08233757737386777
596,1,1,1,0,0,0,0,0,2,-0.25322072591791916,0.06849248648474085
597,1,1,1,0,0,0,0,1,2,-0.4850300601683557,0.5082492474803553
598,1,1,1,0,0,0,0,1,2,-0.5100512032161196,0.5200037086707245
599,1,1,1,0,0,0,0,1,2,-0.5569307569454204,0.5527767277212421
600,1,1,1,0,0,0,0,1,2,-0.5455758492002803,0.5384973083763677
601,1,1,1,0,0,0,0,1,2,-0.47831789460523355,0.5022395599180047
602,1,1,1,0,0,0,0,1,2,-0.4164413386974239,0.4299827526495056
603,1,1,1,0,0,0,0,1,2,-0.4602748045290354,0.48704221417919086
604,1,1,1,0,0,0,0,1,1,-0.5108681100751519,0.5455137316419398
605,1,1,1,1,0,0,0,1,1,-0.5409649124853069,0.5604711275281212
606,1,1,1,1,0,0,0,1,1,-0.5299988501095582,0.561278189321073
607,1,1,1,1,0,0,0,1,1,-0.5441936009699834,0.5869010768824647
608,1,1,1,0,0,0,0,1,2,-0.45706989146971244,0.5049980004428346
609,1,1,1,0,0,0,0,1,2,-0.45858646275806486,0.5041413378800681
610,1,0,1,0,0,0,0,0,2,-0.3425546341964755,0.32825674480562533
611,1,0,1,0,0,0,0,0,2,-0.30950345161622145,0.3226855234365517
612,1,0,1,0,0,0,0,0,2,-0.3056090150501788,0.30848466565734456
613,1,1,1,0,0,0,0,0,2,-0.3320658405933309,0.3638326587755918
614,1,1,1,0,0,0,0,1,2,-0.4482457205150767,0.47652349611560463
615,1,1,1,0,0,0,0,1,2,-0.5154418926915815,0.5500999360489289
616,1,1,1,0,0,0,0,1,2,-0.5394034640661343,0.5500267666831955
617,1,1,1,0,0,0,0,1,6,-0.47450435640118827,0.5369188567488699
618,1,1,1,0,0,0,0,1,2,-0.45597353146953734,0.507313467733758
619,1,1,1,0,0,0,0,1,2,-0.40083396723984105,0.460484861543304
620,1,1,1,0,0,0,0,1,2,-0.35504081783169805,0.3975738489167078
621,1,0,1,0,0,0,0,1,2,-0.24516297725035419,0.26425949979181346
622,1,0,1,0,0,0,0,1,2,-0.24308645937095494,0.26218839081641476
623,1,0,1,0,0,0,0,0,2,-0.2164339184252497,0.09269518339026125
624,1,0,1,0,0,0,0,0,2,-0.21077092537751402,0.010524450874838349
625,1,0,1,0,0,0,0,0,2,-0.24531766289299797,0.19925209134817118
626,1,0,1,0,0,0,0,1,2,-0.4664429070559747,0.4964894222916642
627,1,0,1,0,0,0,0,1,2,-0.4384324321535564,0.5427719292592403
628,1,0,1,0,0,0,0,0,2,-0.4036889079847913,0.4901559046212289
629,0,0,1,0,0,0,0,0,2,-0.2817876370505761,0.35672713748767576
630,1,1,1,0,0,0,0,0,2,-0.32905131598511766,0.41472024061888646
631,1,0,1,0,0,0,0,1,2,-0.38163735780491204,0.45585834539777254
632,1,1,1,0,0,0,0,1,2,-0.49431447086374797,0.5046303441233343
633,1,1,1,0,0,0,0,1,2,-0.49316181148567817,0.4664889593075616
634,1,1,1,0,0,0,0,1,2,-0.4035684337110358,0.38873667916662885
635,1,0,1,0,0,0,0,0,2,-0.30123756817958663,0.3099280752388661
636,0,0,1,0,0,0,0,0,2,-0.20733837024033022,0.15841595859168778
637,0,0,1,0,0,0,0,0,2,-0.1993066798436064,0.1243705710543221
638,0,0,1,0,0,0,0,0,2,-0.20653641211959584,0.19242669138322138
639,1,1,1,0,0,0,0,0,2,-0.26031460977269727,0.340178960217408
640,1,1,1,0,0,0,0,1,2,-0.3672882555631652,0.4495921988395581
641,1,1,1,0,0,0,0,1,2,-0.34078946383210446,0.4647424013819544
642,1,1,1,0,0,0,0,1,2,-0.3934394597216804,0.476212500784497
643,1,1,1,0,0,0,0,1,2,-0.4690817378179513,0.5132010107627137
644,1,1,1,0,0,0,0,1,2,-0.4919438164338078,0.49978813794318977
645,0,0,1,0,0,0,0,1,2,-0.46659076343425304,0.46875317589575904
646,1,0,1,0,0,0,0,1,2,-0.4733643142903211,0.43033856776003765
647,1,0,1,0,0,0,0,1,2,-0.4309548837359456,0.39095750270950547
648,1,1,1,0,0,0,0,1,2,-0.44074242079238357,0.3992592700708069
649,0,0,1,0,0,0,0,1,2,-0.42351260176541194,0.38141029341587496
650,0,0,1,0,0,0,0,1,2,-0.42154587447906744,0.40188922963448254
651,0,0,1,0,0,0,0,1,2,-0.38246344400594307,0.42504428153686014
652,1,0,1,0,0,0,0,1,2,-0.3658013720920089,0.40870516523902634
653,0,0,1,0,0,0,0,1,2,-0.31234948214535657,0.33761473778806816
654,0,0,1,0,0,0,0,1,2,-0.2964847238832399,0.3583700099874189
655,0,0,1,0,0,0,0,1,2,-0.2593530813618073,0.28519686542475886
656,0,0,1,0,0,0,0,0,2,-0.20617745014667319,0.14077434133689257
657,0,0,1,0,0,0,0,0,2,-0.1829630171200016,0.10970694941811651
658,0,0,1,0,0,0,0,0,2,-0.18266717373932667,0.11061222835345874
659,0,0,1,0,0,0,0,1,2,-0.23012072097595884,0.2231136049928241
660,0,1,1,0,0,0,0,1,2,-0.3207185975854947,0.34539662033785123
661,0,1,1,0,0,0,0,1,2,-0.40216264170732374,0.39189153131845056
662,0,0,1,0,0,0,0,1,2,-0.2314043013918165,0.25642088347874376
663,0,0,1,0,0,0,0,1,2,-0.2734588164480795,0.32900347083954035
664,0,0,1,0,0,0,0,1,2,-0.3103230221619781,0.3471737408361053
665,0,0,1,0,0,0,0,1,2,-0.3442285471124035,0.3964377548239241
666,0,0,1,1,0,0,0,1,2,-0.4371100644715817,0.48325239553876015
667,0,0,1,1,0,0,0,1,2,-0.4491795685868343,0.5006989909666835
668,0,0,1,1,0,0,0,1,2,-0.462251155356123,0.4878111543090964
669,0,0,1,1,0,0,0,1,2,-0.4401434244048832,0.4513485821601198
670,1,0,1,0,0,0,0,1,2,-0.47310459988626746,0.47002114978079723
671,0,0,1,1,0,0,0,1,2,-0.4742080641268618,0.45771908391830746
672,1,1,1,1,0,0,0,1,2,-0.49395891613293275,0.5320531254156344
673,1,1,1,1,0,0,0,1,2,-0.47309135776288846,0.5066500381278608
674,1,1,1,1,0,0,0,1,2,-0.46355717034557054,0.4772763957918964
675,0,0,1,1,0,0,0,1,2,-0.28183732864655264,0.3131771543933274
676,0,0,1,0,0,0,0,0,2,-0.05334412452219499,0.09269147110171612
677,0,0,1,0,0,0,0,0,2,-0.03763634828838376,0.051304706703185196
678,0,1,1,1,0,0,0,1,2,-0.267973724121571,0.29914310618034107
679,1,1,1,0,0,0,0,1,2,-0.4217004243829779,0.41928543719634603
680,1,0,1,1,0,0,0,1,2,-0.4419024147041216,0.46063128097203404
681,1,0,1,0,0,0,0,1,2,-0.4370925976392372,0.4486908905367415
682,1,1,1,0,0,0,0,1,2,-0.38340911438296504,0.35192023675680445
683,0,0,1,1,0,0,0,1,2,-0.2786107093316356,0.281886051439582
684,0,0,1,0,0,0,0,1,2,-0.2508425986804803,0.2599551941231383
685,0,0,1,0,0,0,0,1,2,-0.18129137799290848,0.21899084861414794
686,0,0,1,0,0,0,0,1,2,-0.18761369048335932,0.20276551763527087
687,0,0,1,0,0,0,0,1,2,-0.20606696556971754,0.22389441965098827
688,0,0,1,0,0,0,0,0,2,-0.1499084057684645,0.19867311735441412
689,0,0,1,0,0,0,0,1,2,-0.1973712326450225,0.19547293498180798
690,0,0,1,0,0,0,0,1,2,-0.18790286509503956,0.20052491150502302
691,0,0,1,0,0,0,0,1,2,-0.18163503594328897,0.19248810509758943
692,1,1,1,0,0,0,0,1,2,-0.25676028586703503,0.27203718015899575
693,1,1,1,0,0,0,0,1,2,-0.40333784997499994,0.3586849993474682
694,1,1,1,0,0,0,0,1,2,-0.4484900586386702,0.3713478408294337
695,1,0,1,0,0,0,0,1,2,-0.4392009135772242,0.35519243828572417
696,1,0,1,0,0,0,0,1,2,-0.4388400417810772,0.3690850505862678
697,1,1,1,0,0,0,0,1,2,-0.4409810771176127,0.35916480374841103
698,1,1,1,0,0,0,0,1,2,-0.42449643153783034,0.3534588903115179
699,1,0,1,0,0,0,0,1,2,-0.4069311553750212,0.3295569422189146
700,1,0,1,0,0,0,0,1,2,-0.4197511226122611,0.3364752111711391
701,1,0,1,0,0,0,0,1,2,-0.4127300260435349,0.34789470591778415
702,1,0,1,0,0,0,0,1,2,-0.44234233234678155,0.3804261246451028
703,1,1,1,0,0,0,0,1,2,-0.4451903204991189,0.3914142892003597
704,1,0,1,0,0,0,0,1,2,-0.44494359564161734,0.40038225003273065
705,1,0,1,0,0,0,0,1,2,-0.4538678831243152,0.40239774494578956
706,1,0,1,0,0,0,0,1,2,-0.45648323686327796,0.411312789968705
707,1,0,1,0,0,0,0,1,2,-0.4386756581983431,0.38127133132289404
708,1,0,1,0,0,0,0,1,2,-0.40450164948829054,0.3627022003730464
709,0,0,1,0,0,0,0,1,2,-0.23362834106266844,0.20976227613803186
710,0,0,1,0,0,0,0,1,2,-0.2064556778886503,0.15019412308710767
711,0,0,1,0,0,0,0,0,2,-0.1914903617457879,0.14351556713594804
712,0,0,1,0,0,0,0,0,2,-0.20514509187227023,0.14015806746350498
713,0,0,1,0,0,0,0,0,2,-0.15893855792666348,0.09682736342380702
714,0,1,1,0,0,0,0,0,2,-0.17812536421575045,0.12072416371665888
715,1,1,1,0,0,0,0,1,2,-0.3160419349672004,0.26727568123514117
716,0,1,1,0,0,0,0,1,2,-0.4036952120506229,0.3365685340004824
717,0,1,1,0,0,0,0,1,2,-0.40170243410791867,0.334761829152213
718,0,0,1,0,0,0,0,1,2,-0.31071531552343484,0.264787070557328
719,0,0,1,0,0,0,0,1,2,-0.24621434656651936,0.20368625200966267
720,0,0,1,0,0,0,0,0,2,-0.17353468569069125,0.11946110031567508
721,0,0,1,0,0,0,0,0,2,-0.1531097293129853,0.09665348337301487
722,0,0,1,0,0,0,0,0,2,-0.14594655477221277,0.10514712625330211
723,0,1,1,0,0,0,0,1,2,-0.256449230307848,0.2596465306491345
724,0,0,1,0,0,0,0,1,1,-0.40242751725293746,0.42844966710790194
725,0,1,1,0,0,0,0,1,1,-0.46546436001172925,0.5115301595774085
726,0,1,1,0,0,0,0,1,1,-0.4780964427505081,0.5223993413229963
727,0,1,1,0,0,0,0,1,1,-0.4435623492325632,0.45461934111019786
728,0,0,1,0,0,0,0,1,2,-0.29474850700200095,0.28823455059778336
729,0,0,0,0,0,0,0,0,2,-0.17645203094243223,0.0951491094586488
730,0,0,1,0,0,0,0,0,2,-0.2050008543362645,0.16697001420451615
731,0,0,1,0,0,0,0,1,2,-0.2991994135679163,0.2584112221742734
732,0,0,1,0,0,0,0,1,1,-0.4409503393399064,0.3903130045356718
733,0,0,1,1,0,0,0,1,1,-0.45456668482878937,0.44879832940090336
734,0,0,1,1,0,0,0,1,1,-0.4561150297660405,0.44925291784793914
735,0,0,1,0,0,0,0,1,1,-0.45657659131010353,0.44098686767545964
736,0,0,1,0,0,0,0,1,1,-0.46174456273652864,0.43125023697441633
737,0,0,1,0,0,0,0,1,1,-0.4584793681723041,0.40930262486156266
738,0,0,1,0,0,0,0,1,2,-0.4300048747207161,0.38712829656555847
739,0,0,1,0,0,0,0,1,2,-0.3392308908729128,0.2956238585328192
740,0,0,1,0,0,0,0,1,2,-0.25997645160532556,0.22555191379873762
741,0,0,1,0,0,0,0,1,2,-0.20995657005665927,0.157303859112098
742,0,0,1,0,0,0,0,0,2,-0.21051362240732968,0.07470766579928359
743,0,0,1,0,0,0,0,1,2,-0.24921119875905695,0.15846051693599858
744,0,0,1,0,0,0,0,1,2,-0.3247093489948097,0.2995415908088417
745,0,0,1,0,0,0,0,1,2,-0.3990923106014778,0.38204622562472257
746,0,0,1,0,0,0,0,1,1,-0.44056961654630294,0.42571592407521636
747,0,0,1,0,0,0,0,1,2,-0.37872782360308954,0.340725571499206
748,0,0,1,0,0,0,0,0,2,-0.15958059072880523,0.12029559371110636
749,0,0,1,0,0,0,0,0,2,-0.12010310379187827,0.06594577152281995
750,0,0,1,0,0,0,0,0,2,-0.15140868949330125,0.10316976145105923
751,0,0,1,0,0,0,0,1,2,-0.2507298097755809,0.2361339465592448
752,0,0,1,0,0,0,0,1,2,-0.33743036708236973,0.31797180452236995
753,0,0,1,0,0,0,0,1,2,-0.39988904895021976,0.3888258995537302
754,0,0,1,0,0,0,0,1,2,-0.4410304520922518,0.43032683983849557
755,0,0,1,0,0,0,0,1,2,-0.45052332990943744,0.4280340942664463
756,0,0,1,0,0,0,0,1,2,-0.43818912577836805,0.42233417387806654
757,0,0,1,0,0,0,0,1,1,-0.44493407827547726,0.40996887259136283
758,1,0,1,0,0,0,0,1,2,-0.4479261268815639,0.39150628171812146
759,0,0,1,0,0,0,0,1,1,-0.45274689820699254,0.41034599465906224
760,0,0,1,0,0,0,0,1,1,-0.4498460443275306,0.43729317483896574
761,0,0,1,0,0,0,0,1,2,-0.4267474183932218,0.38776760510977737
762,0,0,1,0,0,0,0,1,2,-0.4391549242810518,0.42274993574124214
763,0,0,1,1,0,0,0,1,2,-0.4266410889869899,0.4119625172920916
764,0,0,1,0,0,0,0,1,2,-0.29973596191235924,0.23539590872334012
765,0,0,1,0,0,0,0,1,2,-0.3007154462469963,0.22696590862285926
766,0,0,1,0,0,0,0,1,2,-0.26603131203324,0.22568534514376593
767,0,0,1,0,0,0,0,1,2,-0.2771987518338536,0.21294132762858148
768,0,0,1,0,0,0,0,1,2,-0.25488420739451334,0.1926926103310267
769,0,0,1,0,0,0,0,1,2,-0.36607611719840577,0.30525342322346805
770,0,0,1,0,0,0,0,1,2,-0.3997473156272654,0.3460659248582822
771,0,0,1,0,0,0,0,1,2,-0.41691123491143933,0.3920705124895137
772,0,0,1,0,0,0,0,1,2,-0.43849809637973325,0.41496809397358436
773,0,0,1,1,0,0,0,1,2,-0.45333374985018865,0.4738968794944842
774,0,0,1,1,0,0,0,1,2,-0.46580518353546624,0.465629006843205
775,0,0,1,1,0,0,0,1,1,-0.47729875394342297,0.5006339900030166
776,0,0,1,1,0,0,0,1,2,-0.4742357877108397,0.4851714055923941
777,0,0,1,0,0,0,0,1,2,-0.4679098599337618,0.44743484803046535
778,0,0,1,0,0,0,0,1,2,-0.45051080850986946,0.406275784287381
779,0,0,1,0,0,0,0,1,2,-0.3513787622566604,0.25493779704955055
780,0,0,1,0,0,0,0,0,2,-0.23298409469900536,0.10406304245177457
781,0,0,1,0,0,0,0,0,2,-0.26797565651634764,0.18068462740139735
782,0,0,1,0,0,0,0,1,2,-0.267739020396747,0.22677111135501604
783,0,0,1,0,0,0,0,0,2,-0.17167053210562846,-0.019436092385532087
784,0,0,1,0,0,0,0,0,2,-0.1587919332492962,-0.028111699086270876
785,0,0,1,0,0,0,0,0,2,-0.23377254356378938,0.08933447907972879
786,0,0,1,0,0,0,0,1,2,-0.4465895116032028,0.42162848606791437
787,0,0,1,1,0,0,0,1,2,-0.46882444475417484,0.4603184253853549
788,0,0,1,1,0,0,0,1,1,-0.4819113446551216,0.5152570609260645
789,0,0,1,1,0,0,0,1,1,-0.4800870531869709,0.5149434716578597
790,0,0,1,1,0,0,0,1,2,-0.4745329552395944,0.48672814047160107
791,0,0,1,1,0,0,0,1,1,-0.4729029851487691,0.488926697862457
792,0,0,1,1,0,0,0,1,1,-0.4722578258408343,0.48151725802668605
793,0,0,1,1,0,0,0,1,2,-0.48162021673296723,0.47022534878985744
794,0,0,1,1,0,0,0,1,1,-0.4959659502139977,0.48275659476578425
795,0,0,1,1,0,0,0,1,1,-0.5212509445654608,0.5003443099006912
796,0,0,1,1,0,0,0,1,1,-0.5060371990253579,0.48907132026138955
797,0,0,1,1,0,0,0,1,1,-0.4855800222775495,0.4777490570497894
798,0,0,1,1,0,0,0,1,2,-0.45983910001584605,0.4606055903652878
799,0,0,1,1,0,0,0,1,2,-0.4185281005430672,0.37521455570822576
800,0,0,1,1,0,0,0,1,2,-0.3953251534365241,0.3040726897919452
801,0,0,1,1,0,0,0,1,2,-0.4151762125471387,0.3532281266893014
802,0,0,1,0,0,0,0,1,2,-0.4356206618724269,0.3948113372959931
803,0,0,1,0,0,0,0,1,2,-0.4384758783103041,0.3868461579488786
804,0,0,1,0,0,0,0,1,2,-0.44302559972857125,0.4019484137166536
805,0,0,1,0,0,0,0,1,2,-0.42988340555855664,0.39599195501374956
806,0,0,1,0,0,0,0,1,2,-0.3944220969723048,0.37125141707273485
807,0,0,1,0,0,0,0,1,2,-0.35804563077276974,0.3118682767840493
808,0,0,1,0,0,0,0,1,2,-0.140121327566081,0.1390146002369491
809,0,0,1,0,0,0,0,0,2,-0.06415054586097159,0.012592618512970003
810,0,0,1,0,0,0,0,0,2,-0.14056840931727113,0.04617570351662209
811,0,0,1,0,0,0,0,0,2,-0.14263653270226267,0.05402981709247745
812,0,0,1,0,0,0,0,0,2,-0.163620788646911,0.16707634957703316
813,1,1,1,0,0,0,0,1,2,-0.4034801449957549,0.39802072582594844
814,1,1,1,0,0,0,0,1,6,-0.49309092390161063,0.442208157984025
815,0,1,1,0,0,0,0,1,6,-0.52964946928382,0.463192307917205
816,1,1,1,0,0,0,0,1,6,-0.5192056072211065,0.46420983392377624
817,0,1,1,0,0,0,0,1,6,-0.5115416565788204,0.4417524913350413
818,0,1,1,0,0,0,0,1,6,-0.4837013222506932,0.45895347162149835
819,0,1,1,0,0,0,0,1,2,-0.4657164098194028,0.43145410069815904
820,0,1,1,0,0,0,0,1,2,-0.4347531812550427,0.391209743500344
821,0,1,1,0,0,0,0,1,2,-0.43327501517916595,0.40009051371108434
822,1,1,1,0,0,0,0,1,2,-0.47548572336764716,0.41343870923829895
823,1,1,1,0,0,0,0,1,6,-0.5065414956273009,0.4552931032161914
824,1,1,1,0,0,0,0,1,6,-0.5222167827581103,0.4700338956716126
825,1,1,1,0,0,0,0,1,2,-0.4479624377241922,0.39336724567692716
826,0,0,1,0,0,0,0,1,2,-0.2539345972288989,0.25303713279457657
827,0,0,1,0,0,0,0,0,2,-0.15121933894452497,0.15525692792021123
828,0,0,1,0,0,0,0,1,2,-0.29344685262032344,0.2624607055546029
829,0,0,1,0,0,0,0,1,2,-0.41825940747481877,0.3773219258843087
830,0,0,1,1,0,0,0,1,2,-0.44339670700872763,0.4023212290944923
831,0,0,1,1,0,0,0,1,2,-0.4659274350055249,0.46029658151765984
832,0,0,1,1,0,0,0,1,2,-0.4754718392137684,0.49291240579546663
833,0,0,1,0,0,0,0,1,2,-0.47728189560630674,0.49063334999740804
834,0,0,1,0,0,0,0,1,2,-0.42453904133473874,0.36396903724189056
835,0,0,1,0,0,0,0,1,2,-0.4637946675893067,0.43211815055263664
836,0,0,1,0,0,0,0,1,2,-0.46270058465138153,0.4433692461308581
837,0,0,1,0,0,0,0,1,2,-0.4373032692115215,0.40361547614999205
838,0,0,1,0,0,0,0,1,2,-0.3918302045356924,0.34293658244668646
839,0,0,1,0,0,0,0,1,2,-0.22328133084872545,0.2273361672782093
840,0,0,1,0,0,0,0,1,2,-0.2002178559900801,0.2082463256083428
841,0,0,1,0,0,0,0,1,2,-0.22938456866081414,0.2324110232416147
842,0,0,1,0,0,0,0,1,2,-0.33745481469362093,0.3092965137789417
843,0,0,1,0,0,0,0,1,2,-0.3565268068004547,0.3221203807104182
844,0,0,1,0,0,0,0,1,2,-0.3362846277243654,0.30344656828521294
845,0,0,1,0,0,0,0,1,2,-0.2944467812837837,0.260132926326294
846,0,0,1,0,0,0,0,1,2,-0.2948554053528872,0.2422045905412615
847,0,0,1,0,0,0,0,1,2,-0.26599586835915323,0.23379633303020927
848,0,0,1,0,0,0,0,1,2,-0.2766736880600404,0.23495556446601093
849,0,0,1,0,0,0,0,1,2,-0.2486629404164361,0.22021769702213959
850,0,0,1,0,0,0,0,1,2,-0.26950371141643514,0.23071643196683564
851,0,0,1,0,0,0,0,1,2,-0.2701463402328572,0.2565360609503266
852,0,0,1,0,0,0,0,1,2,-0.3291755732835123,0.33222713176847285
853,0,0,1,0,0,0,0,1,2,-0.39275410720208476,0.3963450054748375
854,0,0,1,1,0,0,0,1,2,-0.4129276414919572,0.41290805181856016
855,0,0,1,1,0,0,0,1,2,-0.38637669126068147,0.37971886893807855
856,0,0,1,0,0,0,0,1,2,-0.36318146506030313,0.3389159033234279
857,0,0,1,0,0,0,0,1,2,-0.3994375902433316,0.3965982837406427
858,0,0,1,0,0,0,0,1,2,-0.4520983959358235,0.46480953764158145
859,0,0,1,0,0,0,0,1,2,-0.45417669691960333,0.48368148573086045
860,1,0,1,0,0,0,0,1,2,-0.4689603323250163,0.5208875891035667
861,0,0,1,0,0,0,0,1,2,-0.4706374777597375,0.5097391572168194
862,0,0,1,1,0,0,0,1,2,-0.461050384353975,0.4813204067881758
863,0,0,1,1,0,0,0,1,2,-0.47138464362605625,0.5093504382591497
864,0,0,1,1,0,0,0,1,2,-0.47519343894390137,0.5099112106315594
865,0,0,1,1,0,0,0,1,2,-0.474635992042175,0.49804468202637503
866,0,0,1,1,0,0,0,1,2,-0.4696289002508581,0.47670442791422823
867,0,0,1,1,0,0,0,1,2,-0.4656612895406923,0.4733557406886431
868,0,0,1,1,0,0,0,1,2,-0.4640713693623088,0.477490419004186
869,0,0,1,1,0,0,0,1,2,-0.4618053812201221,0.45178174208788385
870,0,0,1,1,0,0,0,1,2,-0.46517790706390155,0.4770796029571149
871,0,0,1,1,0,0,0,1,2,-0.4650416831975331,0.48528083606230965
872,0,0,1,1,0,0,0,1,2,-0.4619444273381592,0.4725298157151739
873,0,0,1,1,0,0,0,1,2,-0.4647792057681057,0.49186663979995304
874,0,0,1,1,0,0,0,1,2,-0.45141727836438045,0.4721244688537951
875,0,1,1,1,0,0,0,1,2,-0.4529385879401449,0.4678157144716303
876,0,0,1,1,0,0,0,1,2,-0.4422328503875944,0.4293416271807233
877,0,1,1,1,0,0,0,1,2,-0.38361388856949485,0.3359137751701238
878,0,0,1,1,0,0,0,1,2,-0.3956875479519736,0.33453125500512354
879,0,0,1,1,0,0,0,1,2,-0.40915092854993423,0.34531809778663464
880,0,0,1,1,0,0,0,1,2,-0.4171833993137913,0.367643723993464
881,0,0,1,1,0,0,0,1,2,-0.461980642822853,0.44245308544180395
882,0,0,1,1,0,0,0,1,2,-0.4575032859804771,0.4375041496792905
883,0,0,1,1,0,0,0,1,2,-0.4610826738667368,0.4241678867072455
884,0,0,1,1,0,0,0,1,2,-0.4741175380676348,0.4602420563919861
885,1,0,1,1,0,0,0,1,2,-0.46841848846816,0.4423729642876423
886,1,0,1,1,0,0,0,1,2,-0.459625910824367,0.43543262973329727
887,0,0,1,1,0,0,0,1,2,-0.45395202050751426,0.3981801495047922
888,0,0,1,1,0,0,0,1,2,-0.44798068948531233,0.4015540469186625
889,0,0,1,1,0,0,0,1,2,-0.4554420602147921,0.40267644786447476
890,0,0,1,1,0,0,0,1,2,-0.44981422210204114,0.4038465634466295
891,0,0,1,1,0,0,0,1,2,-0.4481272032778515,0.41576613067637036
892,0,0,1,0,0,0,0,1,2,-0.42450190420525985,0.3627832514527988
893,0,0,1,0,0,0,0,1,2,-0.42494240793779403,0.3351717612240463
894,0,0,1,0,0,0,0,1,2,-0.40870983763230284,0.34862005817826436
895,0,0,1,0,0,0,0,1,2,-0.4154705880286393,0.3465772360244668
896,0,0,1,0,0,0,0,1,2,-0.43695380462955463,0.39495183841790993
897,0,0,1,0,0,0,0,1,2,-0.45112914780819613,0.4095533077274203
898,0,0,1,0,0,0,0,1,2,-0.4329015070229377,0.41089255663437607
899,0,0,1,0,0,0,0,1,2,-0.45518765805019556,0.43958828546793044
900,0,1,1,0,0,0,0,1,2,-0.4358892628301156,0.42283106479475163
901,0,0,1,0,0,0,0,1,2,-0.44075231707201484,0.4242798283720682
902,0,0,1,0,0,0,0,1,2,-0.32507398463387394,0.38192247283816516
903,0,1,1,0,0,0,0,1,2,-0.3610995602227234,0.3622237294268989
904,0,0,1,0,0,0,0,0,2,-0.2932432486069095,0.30142050890840194
905,1,1,1,0,0,0,0,1,2,-0.4606233912651844,0.4219558652686444
906,0,0,1,0,0,0,1,0,2,-0.35026909565969716,0.4681769596951964
907,0,0,1,0,0,0,1,0,2,-0.22510150471996324,0.3995552631217594
908,0,0,1,0,0,0,1,0,0,-0.14715530301787352,0.5030920411411084
909,0,0,1,0,0,0,1,0,0,-0.11362894960237965,0.4552190957321343
910,0,0,1,0,0,0,0,0,2,-0.34317329528398427,0.3327273027236131
911,1,1,1,0,0,0,0,1,2,-0.47586369680127405,0.4712904781550414
912,1,1,1,0,0,0,0,1,1,-0.49270137528487556,0.4810602537534003
913,1,1,1,0,0,0,0,1,2,-0.4851902953516019,0.48086568834045645
914,1,1,1,0,0,0,0,1,2,-0.49532755208048534,0.4720431086944267
915,1,1,1,0,0,0,0,1,1,-0.4988625720396062,0.4788135364299369
916,1,1,1,0,0,0,0,1,1,-0.4965151775923962,0.4796402756642476
917,1,1,1,0,0,0,0,1,1,-0.4942610702871063,0.4772532218730224
918,1,1,1,0,0,0,0,1,1,-0.5039092644346008,0.49588356055870747
919,1,1,1,0,0,0,0,1,1,-0.4997547073902465,0.48665723561823954
920,1,1,1,0,0,0,0,1,1,-0.4917518728915112,0.47852930667546667
921,1,1,1,0,0,0,0,1,1,-0.48531352974992176,0.46565093351129777
922,0,0,1,0,0,0,0,1,2,-0.46780820290625447,0.4247576922797107
923,0,0,1,0,0,0,0,0,2,-0.3839558349848774,0.31106294197103884
924,0,0,1,0,0,0,0,0,2,-0.3400834081051137,0.26983196279769267
925,0,0,1,0,0,0,1,0,2,-0.36503964687366725,0.20635311276112728
926,0,0,1,0,0,0,1,0,0,-0.41064128954894846,0.2640005915523751
927,0,0,1,0,0,0,1,0,0,-0.49789758695375275,0.21311777016442068
928,0,0,1,0,0,1,1,0,5,-0.5211680305747952,0.21276938271904847
929,0,0,1,0,0,1,1,0,0,-0.5195919896298284,0.15036111135084765
930,0,0,1,0,0,1,1,0,0,-0.513024657932539,0.1695715420769135
931,0,0,1,0,0,1,1,0,2,-0.4859894304720097,0.2061440714720734
932,0,0,1,0,0,1,1,0,0,-0.46162172236731036,0.1155333146943073
933,0,0,1,0,0,1,1,0,0,-0.4274549899870947,0.10872802195310784
934,0,0,1,0,0,0,1,0,0,-0.4305002294713632,0.12713979188916513
935,0,0,1,0,0,0,1,0,0,-0.4343026277707204,0.15568396980310542
936,0,0,1,0,0,0,1,0,0,-0.40175652139403517,0.09044223919657889
937,0,0,1,0,0,0,1,0,0,-0.39215506314250986,0.13266777869706087
938,0,0,1,0,0,0,1,0,0,-0.2876700791101413,0.045294081032472185
939,0,0,1,0,0,0,1,0,0,-0.2373785419070996,0.06898834908037982
940,0,0,1,0,0,0,1,0,0,-0.2575315864401331,0.0933679808666439
941,0,0,1,0,0,0,1,0,5,-0.33967865784162365,0.2317607703275586
942,0,0,1,0,0,0,1,0,5,-0.41157067663918595,0.29601468294123673
943,0,0,1,0,0,0,1,0,5,-0.3689606818860691,0.3021804976987799
944,0,0,1,0,0,0,1,0,5,-0.365684538221869,0.30069693652177715
945,0,0,1,0,0,0,1,0,0,-0.3159720878190312,0.33635000449507246
946,0,0,1,0,0,0,1,0,0,-0.13327663661421918,0.23430580182589192
947,0,0,1,0,0,0,0,0,2,-0.18840930379902657,0.203341694095319
948,0,0,1,0,0,0,0,0,2,-0.3234693888685126,0.24224929483975036
949,0,1,1,0,0,0,0,1,2,-0.4435378447440024,0.4287086768278018
950,0,1,1,0,0,0,0,1,2,-0.4735798979603906,0.479291630669889
951,0,1,1,0,0,0,0,1,2,-0.4751857422578676,0.47077098873590945
952,0,0,1,1,0,0,0,1,2,-0.4805456046309892,0.45800766113250957
953,0,1,1,1,0,0,0,1,2,-0.48350843031259605,0.4627008114537028
954,0,1,1,1,0,0,0,1,2,-0.47984034337155446,0.4902957944769264
955,0,1,1,1,0,0,0,1,1,-0.47390194760947985,0.48442156394134805
956,0,1,1,0,0,0,0,1,2,-0.45929460782913095,0.4951309122797713
957,0,1,1,0,0,0,0,1,2,-0.45140013102775955,0.48089143463508466
958,1,1,1,0,0,0,0,1,2,-0.45036439586845894,0.47142474625664016
959,1,1,1,0,0,0,0,1,2,-0.4291347695704501,0.44169958201727183
960,1,1,1,0,0,0,0,1,2,-0.38348312177971056,0.40942379775285515
961,0,1,1,0,0,0,0,1,2,-0.4035796384376131,0.3971537568692215
962,1,1,1,0,0,0,0,1,2,-0.42097258830969964,0.38071072016732366
963,1,1,1,0,0,0,0,1,2,-0.4384005626197905,0.40255352356287294
964,1,1,1,0,0,0,0,1,2,-0.4651021452063058,0.48121988098137075
965,1,1,1,0,0,0,0,1,2,-0.415628010820671,0.3976525481955735
966,0,1,1,0,0,0,0,0,2,-0.18295523003785336,0.10137914080711957
967,0,1,1,0,0,0,0,0,2,-0.1889925427799187,0.07723294727896382
968,0,1,1,0,0,0,0,1,2,-0.3575122081100218,0.422509045903816
969,0,1,1,0,0,0,0,1,2,-0.36970397710377406,0.4606382895910523
970,0,1,1,0,0,0,0,1,2,-0.4334227914100905,0.5223643705708366
971,0,1,1,0,0,0,0,1,1,-0.44369150669540686,0.5239077710583314
972,1,1,1,0,0,0,0,1,2,-0.42656041532188144,0.4726101669948547
973,0,1,1,0,0,0,0,0,2,-0.19362065146713964,0.11384264974070607
974,0,0,1,0,0,0,0,0,2,-0.1845068309492873,0.07797331818820608
975,0,0,1,0,0,0,0,1,2,-0.29382292915129493,0.3240549851784874
976,0,1,1,0,0,0,0,1,2,-0.44264125681978556,0.4260631871783468
977,0,1,1,0,0,0,0,1,2,-0.47440319377921314,0.43351665177186455
978,0,1,1,0,0,0,0,1,2,-0.4915534832157152,0.4433521704846305
979,1,1,1,0,0,0,0,1,2,-0.5028404384282016,0.4510590767114128
980,1,1,1,0,0,0,0,1,2,-0.5126147120572567,0.49213978221431665
981,1,1,1,0,0,0,0,1,2,-0.4884147921758613,0.44713237794042604
982,0,0,1,0,0,0,0,0,2,-0.19956174480581756,0.1618884068448096
983,0,0,1,0,0,0,0,0,2,-0.2174066092380887,0.20590079589256718
984,1,0,1,0,0,0,0,1,2,-0.4065233348626767,0.3530485259497684
985,1,0,1,0,0,0,0,1,2,-0.4112693655743465,0.3880209963811609
986,0,0,1,0,0,0,0,1,2,-0.23011890462274961,0.2187784014049132
987,0,0,1,0,0,0,0,0,2,-0.20474304986725517,0.12509701614219104
988,0,0,1,0,0,0,0,1,2,-0.260312566141549,0.3116296722712975
989,0,0,1,0,0,0,0,1,2,-0.3104076042991916,0.3709436371879602
990,0,0,1,0,0,0,0,1,2,-0.41189254843936257,0.4294698625790739
991,0,0,1,1,0,0,0,1,2,-0.4645596847725469,0.4567693564765105
992,0,0,1,1,0,0,0,1,2,-0.48329956277877123,0.47905357213580574
993,1,1,1,1,0,0,0,1,2,-0.5180275793279993,0.5216874869564841
994,1,1,1,1,0,0,0,1,2,-0.5088881191320405,0.4932604594137764
995,1,1,1,1,0,0,0,1,2,-0.48499401454740254,0.45463593292515714
996,1,1,1,0,0,0,0,1,2,-0.4746304722908749,0.4457133152571163
997,1,1,1,0,0,0,0,1,2,-0.4764529874212856,0.4818223217122354
998,1,1,1,0,0,0,0,1,2,-0.463497915956204,0.4994397112627905
999,1,1,1,0,0,0,0,1,2,-0.44108301121205423,0.4790420771398777
1000,1,1,1,0,0,0,0,1,2,-0.4572490433914171,0.48653780035429467
1001,1,1,1,0,0,0,0,1,2,-0.47840055489512845,0.4920687376104883
1002,1,1,1,1,0,0,0,1,2,-0.48171710428524467,0.513797387324494
1003,1,1,1,1,0,0,0,1,2,-0.469995743076556,0.46703225781062707
1004,0,0,1,0,0,0,0,1,2,-0.2468503309769164,0.19524651207029814
1005,0,0,1,0,0,0,0,1,2,-0.24119207357963252,0.17243916222727607
1006,0,0,1,0,0,0,0,1,2,-0.30877412969895984,0.18233210043246412
1007,1,1,1,0,0,0,0,1,2,-0.3809580598210328,0.34230274908661246
1008,1,1,1,0,0,0,0,1,2,-0.48612882612666763,0.4383727132287611
1009,1,1,1,0,0,0,0,1,2,-0.4672415354507393,0.42647850634162554
1010,1,0,1,0,0,0,0,1,2,-0.3403909518291537,0.31070917313550833
1011,1,1,1,0,0,0,0,1,2,-0.21096189919319988,0.23929502361601113
1012,1,1,1,1,0,0,0,1,2,-0.2833510021201188,0.2970649249312516
1013,1,1,1,1,0,0,0,1,2,-0.4788031239601735,0.46474997424459275
1014,1,1,1,1,0,0,0,1,2,-0.4890103726548229,0.4640715772310565
1015,1,1,1,0,0,0,0,0,2,-0.13741370790797341,0.06566764509280845
1016,1,1,1,0,0,0,0,0,2,-0.13954223380546632,0.045857000385263975
1017,1,1,1,0,0,0,0,1,2,-0.297360650046214,0.24633358282919376
1018,1,1,1,0,0,0,0,1,2,-0.4253494326901426,0.2979737519176283
1019,1,1,1,1,0,0,0,1,2,-0.4665912041382399,0.348471751283413
1020,1,1,1,1,0,0,0,1,2,-0.4748163753768159,0.39774135756306345
1021,1,1,1,1,0,0,0,1,2,-0.45228579497703136,0.3923767633111166
1022,1,1,1,0,0,0,0,1,2,-0.4612227216176076,0.40413235985722973
1023,1,1,1,0,0,0,0,1,2,-0.45894137611704583,0.3910078179201502
1024,1,1,1,0,0,0,0,1,2,-0.45237267346084603,0.39984802014537535
1025,1,1,1,0,0,0,0,1,2,-0.449526769459848,0.3535763099667076
1026,1,1,1,0,0,0,0,1,2,-0.29976901760643454,0.2016998502903764
1027,1,1,1,0,0,0,0,1,2,-0.20019562134984883,0.08353811551473636
1028,1,1,1,0,0,0,0,1,2,-0.18513175749563077,0.07118806456166658
1029,1,1,1,0,0,0,0,1,2,-0.2035202270245033,0.04604484147000071
1030,1,1,1,0,0,0,0,1,2,-0.246854912382428,0.048089594702775476
1031,1,1,1,0,0,0,0,1,2,-0.23932021959856353,0.04821845217558889
1032,1,1,1,0,0,0,0,1,2,-0.27999161808800543,0.1369141034879966
1033,1,1,1,0,0,0,0,1,2,-0.24990025367036367,0.11604470115056942
1034,1,1,1,0,0,0,0,1,2,-0.3640206708223559,0.2747785422681389
1035,1,1,1,0,0,0,0,1,2,-0.3602699946434434,0.28595497877042925
1036,1,1,1,0,0,0,0,1,2,-0.3510713970417304,0.34835433657281084
1037,1,1,1,0,0,0,0,1,2,-0.243335513721257,0.24581818303436423
1038,1,1,1,0,0,0,0,1,2,-0.3234420549997595,0.2800815076028045
1039,1,1,1,0,0,0,0,1,2,-0.3880913625440659,0.38794054065855504
1040,1,1,1,0,0,0,0,1,2,-0.4000733503888019,0.39020695423057883
1041,1,1,1,0,0,0,0,1,2,-0.4221903717996995,0.4391318506279371
1042,1,1,1,0,0,0,0,1,2,-0.4634847682318651,0.5215801933847711
1043,1,1,1,0,0,0,0,1,2,-0.4220843179852972,0.35869335725682927
1044,1,1,1,0,0,0,0,1,2,-0.4293602908843528,0.3611045889862763
1045,1,1,1,0,0,0,0,1,2,-0.4633426478218386,0.4279149861601915
1046,1,1,1,0,0,0,0,1,2,-0.4686991535785829,0.4334443739223244
1047,1,1,1,0,0,0,0,1,2,-0.47607340247946256,0.4870048500260485
1048,1,1,1,0,0,0,0,1,2,-0.5171297139819026,0.5298944427784973
1049,1,1,1,1,0,0,0,1,2,-0.5256810304264563,0.5523250925517027
1050,1,1,1,1,0,0,0,1,2,-0.5328834909167584,0.5486355746489653
1051,1,1,1,0,0,0,0,1,2,-0.5235449101854006,0.5218580302822182
1052,1,1,1,0,0,0,0,1,2,-0.5220833924831824,0.5079009266122929
1053,1,1,1,0,0,0,0,1,2,-0.5109280321217068,0.48906334621623443
1054,1,1,1,0,0,0,0,1,2,-0.4809996568372682,0.4897082203564135
1055,1,1,1,0,0,0,0,1,2,-0.4711961868245118,0.5026400134344217
1056,1,1,1,0,0,0,0,1,2,-0.4696311751230448,0.5044098770227528
1057,1,1,1,0,0,0,0,1,2,-0.46108164536723817,0.5074750792808022
1058,1,1,1,0,0,0,0,1,2,-0.45289241803555724,0.4991403068170735
1059,1,1,1,0,0,0,0,1,2,-0.4622545912279748,0.4930674493325089
1060,1,1,1,0,0,0,0,1,2,-0.467040238153698,0.47883643404164
1061,1,1,1,0,0,0,0,1,2,-0.48220493960252503,0.506794165682023
1062,1,1,1,0,0,0,0,1,2,-0.4993299771778863,0.4896859485827581
1063,1,1,1,0,0,0,0,1,2,-0.4727940375313138,0.46411742584926896
1064,1,1,1,0,0,0,0,1,2,-0.4677150326514445,0.4727458639352238
1065,1,1,1,0,0,0,0,1,2,-0.45193963231194134,0.4683416681517356
1066,1,1,1,0,0,0,0,1,2,-0.45629209495076034,0.4620641168531667
1067,1,1,1,0,0,0,0,1,2,-0.44821999426839243,0.4670787632992294
1068,1,1,1,0,0,0,0,1,2,-0.4694907432230569,0.459498968379768
1069,1,1,1,0,0,0,0,1,2,-0.4614592147799589,0.46904945087092187
1070,1,1,1,0,0,0,0,1,2,-0.4472596911854405,0.4910106454136487
1071,1,1,1,0,0,0,0,1,2,-0.4657214608726607,0.48023333694896114
1072,1,1,1,0,0,0,0,1,2,-0.4627719899887637,0.5202833862276747
1073,1,1,1,0,0,0,0,1,2,-0.4609856154558274,0.5183826508613205
1074,1,1,1,0,0,0,0,1,2,-0.4396588597216914,0.4974990940030884
1075,1,1,1,0,0,0,0,1,2,-0.4683128436123585,0.5220585469643609
1076,1,1,1,0,0,0,0,1,2,-0.451085636139492,0.5027229247651503
1077,1,1,1,0,0,0,0,1,2,-0.4315321612283649,0.5124747113747472
1078,1,1,1,0,0,0,0,1,2,-0.4113305705150675,0.4901026043624273
1079,1,1,1,0,0,0,0,1,2,-0.4088728093997098,0.4651123149455279
1080,1,1,1,0,0,0,0,1,2,-0.3406419033861695,0.42272833859437675
1081,1,1,1,0,0,0,0,1,2,-0.2932610283575119,0.34478139526235224
1082,1,1,1,0,0,0,0,1,2,-0.26189591889851727,0.24320401867704555
1083,1,1,1,0,0,0,0,1,2,-0.30020712446237574,0.2237405531279938
1084,1,1,1,0,0,0,0,1,2,-0.22630078650361518,0.16403321655908298
1085,1,1,1,0,0,0,0,1,2,-0.3416900841540682,0.392026395858633
1086,1,1,1,0,0,0,0,1,2,-0.42026724478867106,0.4303678811350101
1087,1,1,1,0,0,0,0,1,2,-0.3348030118933438,0.2470698194504764
1088,1,1,1,0,0,0,0,0,2,-0.2520974741185599,0.09498593334941874
1089,1,1,1,0,0,0,0,0,2,-0.19969888551751963,0.004912317460892969
1090,1,1,1,0,0,0,0,1,2,-0.3475366640578662,0.2757064827815874
1091,1,1,1,0,0,0,0,1,2,-0.40102862505974424,0.4307139545440134
1092,1,1,1,0,0,0,0,1,2,-0.4359466478467527,0.4769656177622412
1093,1,1,1,0,0,0,0,1,2,-0.43995234358360324,0.4903054943608462
1094,1,1,1,0,0,0,0,1,2,-0.40281525439901383,0.37870598564194013
1095,1,1,1,0,0,0,0,1,2,-0.3970594127795745,0.3367377849798158
1096,1,1,1,0,0,0,0,1,2,-0.40143252821718833,0.37767295997075134
1097,1,1,1,0,0,0,0,1,2,-0.46272636431508307,0.4288714511172943
1098,1,1,1,0,0,0,0,1,6,-0.49312420128951906,0.4954853794096331
1099,1,1,1,1,0,0,0,1,6,-0.5013340435344664,0.5240319372785864
1100,1,1,1,1,0,0,0,1,6,-0.5261279090608647,0.5180478541725805
1101,1,1,1,1,0,0,0,1,6,-0.5161599009837741,0.5190750657347962
1102,1,1,1,1,0,0,0,1,6,-0.5283793159147823,0.5424868804203516
1103,1,1,1,1,0,0,0,1,6,-0.5287138400974647,0.5408280248383035
1104,1,1,1,1,0,0,0,1,6,-0.5146888560028808,0.533406106589705
1105,1,1,1,1,0,0,0,1,1,-0.5259424955695163,0.5644642534439059
1106,1,1,1,1,0,0,0,1,6,-0.5253245610016931,0.52718574386764
1107,1,1,1,1,0,0,0,1,6,-0.48457159081935014,0.4426304324787404
1108,1,1,1,1,0,0,0,1,2,-0.3812025579345094,0.3334765104748504
1109,0,0,1,0,0,0,0,1,2,-0.22868776617044784,0.15814664785897253
1110,0,0,1,0,0,0,0,0,2,-0.2608661816744931,0.18633641945933424
1111,0,0,1,0,0,0,0,0,2,-0.26494509624210066,0.1304628917653309
1112,0,0,1,0,0,0,0,1,2,-0.29757913684405046,0.20886729524078726
1113,1,1,1,0,0,0,0,1,2,-0.4446412334877287,0.3981917015044018
1114,1,1,1,1,0,0,0,1,6,-0.48480798495936483,0.47836578745811587
1115,1,1,1,1,0,0,0,1,6,-0.48817587968063136,0.4899061319393742
1116,1,1,1,1,0,0,0,1,1,-0.47101899172642,0.4650076850513486
1117,0,0,1,0,0,0,0,0,2,-0.1597621685313674,-0.0023155493637253216
1118,0,1,1,0,0,0,0,0,2,-0.15579978834323002,-0.024751614595420322
1119,0,0,1,0,0,0,0,0,2,-0.1437752279138965,-0.047211880127801364
1120,0,1,1,0,0,0,0,0,2,-0.14839242424855725,0.006318754063134877
1121,0,0,0,0,0,0,0,0,2,-0.11138092784063995,-0.044819659063298496
1122,0,0,0,0,0,0,0,0,2,-0.09330842117043706,-0.02913671586123348
1123,0,0,0,0,0,0,0,0,2,-0.1006470750343349,-0.04824631081550924
1124,0,0,0,0,0,0,0,0,2,-0.10423560627264367,-0.048272257928099326
1125,0,0,0,0,0,0,0,0,2,-0.10528579058499374,-0.07476926224894433
1126,0,1,0,0,0,0,0,1,2,-0.2518896283107001,0.15247984343257384
1127,0,1,1,0,0,0,0,1,2,-0.38866075656015286,0.29053105558513803
1128,0,1,1,0,0,0,0,1,2,-0.4221517016619481,0.37616519624440875
1129,0,1,1,0,0,0,0,1,2,-0.4184339435673074,0.3820842748054449
1130,0,0,1,0,0,0,0,1,2,-0.4077443918182613,0.33720032417362455
1131,0,1,1,0,0,0,0,1,2,-0.4089416618057601,0.3321094447501788
1132,0,1,1,0,0,0,0,1,2,-0.4371199792673762,0.41353197357813376
1133,0,1,1,0,0,0,0,1,1,-0.4660662778149249,0.44444893410208774
1134,0,1,1,0,0,0,0,1,1,-0.4793801953990049,0.4723648777672726
1135,0,1,1,0,0,0,0,1,1,-0.4679359085206862,0.4672224659129584
1136,0,1,1,0,0,0,0,1,1,-0.42966591118908437,0.44215791214772143
1137,0,1,1,0,0,0,0,1,2,-0.40324498063388375,0.41485548746085865
1138,0,1,1,0,0,0,0,1,2,-0.24046883587480383,0.24990932436316807
1139,0,1,1,0,0,0,0,1,2,-0.23266061216188402,0.2428177672953001
1140,0,0,0,0,0,0,0,0,2,-0.15802049782359978,0.05708159622736272
1141,0,0,0,0,0,0,0,0,2,-0.14479282172090424,0.0570235688508929
1142,0,0,0,0,0,0,0,0,2,-0.12601778654406146,0.03892797742676182
1143,0,0,0,0,0,0,0,0,0,-0.12691641778770935,0.017059546748274212
1144,0,1,0,0,0,0,0,0,2,-0.14473742332713882,0.02954478036171115
1145,0,1,1,0,0,0,0,1,2,-0.20462723416092468,0.1373007276806196
1146,0,0,1,0,0,0,0,1,2,-0.2761104842096469,0.21569167915731663
1147,0,1,1,0,0,0,0,1,2,-0.2798300664795342,0.2368969483497111
1148,0,0,1,0,0,0,0,1,2,-0.2959346248688618,0.2599224343185165
1149,0,0,1,0,0,0,0,1,2,-0.2649716988150766,0.23146836990245465
1150,0,1,1,0,0,0,0,1,2,-0.2176590780880744,0.14602239499799902
1151,0,0,0,0,0,0,0,0,2,-0.16386714752451031,0.08723611559865894
1152,0,0,1,0,0,0,0,0,2,-0.16331081769098285,0.08321087709995668
1153,0,0,0,0,0,0,0,0,2,-0.15143095458379807,0.08968722059906115
1154,0,0,0,0,0,0,0,0,2,-0.1137365803986445,0.07997428391765996
1155,0,1,0,0,0,0,0,0,0,-0.0957613780812704,0.0850177026892963
1156,0,1,0,0,0,0,0,0,0,-0.1174327624336768,0.11932032116639765
1157,0,1,0,0,0,0,0,0,0,-0.10603256609388877,0.10875077758866701
1158,0,1,0,0,0,0,0,0,0,-0.1176046138249436,0.09778269087454594
1159,0,1,0,0,0,0,0,0,0,-0.0777589986284607,0.07275308222558934
1160,0,1,0,0,0,0,0,0,0,-0.10189534507471289,0.08700382675191287
1161,0,1,0,0,0,0,0,0,0,-0.08802772372176777,0.061014748460270045
1162,0,0,0,0,0,0,0,0,0,-0.07693301564033489,0.04694001937873266
1163,0,0,0,0,0,0,0,0,0,-0.08598933071143146,0.02581606721995689
1164,0,1,0,0,0,0,0,0,0,-0.08553599402933436,0.024249241699611637
1165,0,0,0,0,0,0,0,0,0,-0.10089102864731109,0.03027650015428659
1166,0,0,0,0,0,0,0,0,2,-0.09135662805668918,0.0023209613159690667
1167,0,0,0,0,0,0,0,0,2,-0.09174335441601124,-0.0010871034556706113
1168,0,0,0,0,0,0,0,0,2,-0.10464365206548555,0.009678293191092547
1169,0,0,0,0,0,0,0,0,2,-0.11084852341292918,-0.019865489546454687
1170,0,0,1,0,0,0,0,0,2,-0.11237999136976316,0.022720699002476093
1171,0,0,0,0,0,0,0,0,2,-0.1047868028460806,-0.013410749955494978
1172,0,0,0,0,0,0,0,0,2,-0.09883151684985747,-0.028393022140095925
1173,0,0,0,0,0,0,0,0,2,-0.09230457698485181,-0.002338184141799069
1174,0,0,0,0,0,0,0,0,2,-0.09657496758001421,-0.017194359685833573
1175,0,0,0,0,0,0,0,0,2,-0.10708049109119828,-0.0048967275192569396
1176,0,0,0,0,0,0,0,0,2,-0.1169575282286755,0.00989056512786955
1177,0,0,0,0,0,0,0,0,2,-0.13285283345153168,0.017695642021288576
1178,0,0,1,0,0,0,0,0,2,-0.14853647849553173,0.055545900592972534
1179,0,0,1,0,0,0,0,0,2,-0.16284015927139037,0.04905367108356009
1180,0,0,1,0,0,0,0,0,2,-0.16028633120616803,0.03900518929463268
1181,0,0,1,0,0,0,0,0,2,-0.15611197952928615,0.06380254145417555
1182,0,0,1,0,0,0,0,0,2,-0.1635455285385864,0.08247567022733976
1183,0,0,1,0,0,0,0,0,2,-0.1598781925705752,0.08297914436920298
1184,0,0,1,0,0,0,0,0,2,-0.1304116584115515,0.07896847502132384
1185,0,0,0,0,0,0,0,0,2,-0.13077399900526201,0.049997234202333145
1186,0,0,0,0,0,0,0,0,2,-0.12984476727433508,0.060191534778201244
1187,0,0,1,0,0,0,0,0,2,-0.12958963385072395,0.07471153679254804
1188,0,0,0,0,0,0,0,0,2,-0.12365788802823158,0.05450804983755865
1189,0,0,1,0,0,0,0,0,2,-0.13752321679279897,0.04331271465573652
1190,0,0,0,0,0,0,0,0,2,-0.12628703907524289,0.04433657001017736
1191,0,0,0,0,0,0,0,0,2,-0.0915605243675313,0.033809518453812096
1192,0,0,0,0,0,0,0,0,2,-0.10093701766852883,0.02106111032863781
1193,0,0,0,0,0,0,0,0,2,-0.09857457799922777,0.040300677683645536
1194,0,0,0,0,0,0,0,0,2,-0.1030898252685898,0.020775195768740182
1195,0,0,0,0,0,0,0,0,2,-0.10108381084558608,0.0019721641070454183
1196,0,0,0,0,0,0,0,0,2,-0.08831905048818478,0.022705441206007374
1197,0,0,0,0,0,0,0,0,2,-0.10904485111945852,0.02888741257821059
1198,0,0,0,0,0,0,0,0,2,-0.09996422792564297,-0.006427746805313418
1199,0,0,0,0,0,0,0,0,2,-0.11074525388999307,-0.0034608160464191483
1200,0,0,0,0,0,0,0,0,2,-0.10963733469773285,0.005971166066286159
1201,0,0,0,0,0,0,0,0,2,-0.10163852743081458,-0.017099129593637068
1202,0,0,0,0,0,0,0,0,2,-0.10246056129261369,-0.008994889099420514
1203,0,0,0,0,0,0,0,0,2,-0.11084171669177811,0.0053089236546503505
1204,0,0,0,0,0,0,0,0,2,-0.11048317790080456,0.020543063310661178
1205,0,0,0,0,0,0,0,0,2,-0.11759465722073073,0.009464663110281261
1206,0,0,0,0,0,0,0,0,2,-0.11195708543221519,0.018463254367050336
1207,0,0,0,0,0,0,0,0,2,-0.11594711941679156,-0.007491871818753094
1208,0,0,0,0,0,0,0,0,2,-0.12080766068232299,0.018916335900461177
1209,0,0,0,0,0,0,0,0,2,-0.13404172141484824,0.046208479613261765
1210,0,0,1,0,0,0,0,0,2,-0.1961526118929645,0.11575323865307784
1211,0,0,0,0,0,0,0,1,2,-0.31532919441509116,0.31267555504056965
1212,0,0,1,0,0,0,0,1,2,-0.3621286517713759,0.3489104837828658
1213,0,1,1,0,0,0,0,1,2,-0.3760663551082345,0.3558217364081524
1214,0,1,1,0,0,0,0,1,2,-0.36439313280769925,0.3463929539583132
1215,0,1,1,0,0,0,0,1,2,-0.28204138603484213,0.20780610371577102
1216,0,0,1,0,0,0,0,0,2,-0.16004220484434264,-0.05687880535659043
1217,0,0,0,0,0,0,0,0,2,-0.1550892449258276,-0.08203805350747552
1218,0,0,1,0,0,0,0,1,2,-0.22012097982224077,0.08967033517546943
1219,0,0,1,0,0,0,0,1,2,-0.348152770393522,0.32705915202141583
1220,0,0,1,0,0,0,0,1,2,-0.36240383731599557,0.358079148199115
1221,0,1,1,0,0,0,0,1,2,-0.3046512958091243,0.27025496446233427
1222,0,0,1,0,0,0,0,0,2,-0.1444380329837594,0.043428999163504456
1223,0,0,1,0,0,0,0,0,2,-0.09795087199553999,-0.03343312914091117
1224,0,0,1,0,0,0,0,0,2,-0.11830604955933895,-0.016825135405126417
1225,1,1,1,0,0,0,0,1,2,-0.3724062426404808,0.3311501819101211
1226,1,1,1,0,0,0,0,1,6,-0.4733550979918188,0.44644098923737663
1227,1,1,1,0,0,0,0,1,2,-0.43883502685792725,0.4323472012489984
1228,0,0,1,0,0,0,0,1,2,-0.20194525171935218,0.169708210742101
1229,0,0,1,0,0,0,0,0,2,-0.07844638007640917,-0.028934599145462675
1230,0,0,1,0,0,0,0,0,2,-0.11037325856465799,0.06495953960295173
1231,0,0,1,0,0,0,0,0,2,-0.2066587493111576,0.19517443164276246
1232,0,1,1,1,0,0,0,1,2,-0.2869730878615213,0.30279058648739005
1233,0,1,1,1,0,0,0,1,2,-0.37743645537825377,0.392181327973958
1234,0,0,1,1,0,0,0,1,2,-0.402778880208069,0.3882581712800616
1235,0,0,1,0,0,0,0,1,2,-0.3695321304763448,0.3314792038198854
1236,0,0,1,1,0,0,0,1,2,-0.3097965789278724,0.30181523658163645
1237,0,0,1,1,0,0,0,1,2,-0.4089381218976709,0.41205496418804505
1238,0,0,1,1,0,0,0,1,2,-0.4613723297523776,0.5157783627065854
1239,0,0,1,1,0,0,0,1,2,-0.4509601316408647,0.5339953042689318
1240,0,0,1,1,0,0,0,1,2,-0.4572809323244178,0.5504257203628137
1241,0,0,1,1,0,0,0,1,2,-0.4470975477681925,0.5382688255998991
1242,0,0,1,1,0,0,0,1,2,-0.45391406324204975,0.5387918465069225
1243,0,0,1,1,0,0,0,1,2,-0.42820376388140424,0.4892257825566431
1244,0,0,1,1,0,0,0,1,2,-0.4083340528886765,0.40799793119750616
1245,0,0,1,1,0,0,0,1,2,-0.3040042975243475,0.29954758669727627
1246,0,0,1,1,0,0,0,1,2,-0.183516841893403,0.22808013308646252
1247,0,0,1,1,0,0,0,1,2,-0.19887908608775196,0.2526652623078246
1248,0,0,1,1,0,0,0,1,2,-0.2689108698487919,0.28246295254824577
1249,0,0,1,1,0,0,0,1,2,-0.2300902854185552,0.2520614466323565
1250,0,0,1,0,0,0,0,0,2,-0.067758459144419,0.15205391361623213
1251,0,0,1,0,0,0,0,0,2,-0.03513829057766618,0.07455409052291587
1252,0,0,1,0,0,0,0,0,2,-0.025410641229858574,0.05909190483783417
1253,0,0,1,0,0,0,0,0,2,-0.05035432192533723,0.09543525585659629
1254,0,0,1,0,0,0,0,0,2,-0.07956140712332475,0.1004850336252466
1255,0,0,1,0,0,0,0,0,2,-0.11457262749134223,0.15909786875310694
1256,0,0,1,1,0,0,0,1,2,-0.2673649765753286,0.2983831536380181
1257,0,0,1,1,0,0,0,1,2,-0.4540303940455871,0.45428076479277607
1258,1,0,1,1,0,0,0,1,1,-0.48980440777239365,0.48142869002185756
1259,0,0,1,1,0,0,0,1,2,-0.4593014685708208,0.4548467907313207
1260,0,0,1,1,0,0,0,1,2,-0.3493786761721008,0.28639913482689533
1261,0,0,1,0,0,0,0,1,2,-0.1871555144592238,0.12852794621875013
1262,0,0,1,0,0,0,0,1,2,-0.1559979027469557,0.05173280369490381
1263,0,0,0,0,0,0,0,0,2,-0.14826440701941276,0.028774698044320434
1264,0,0,0,0,0,0,0,0,2,-0.15740893322570057,0.014189920486196057
1265,0,0,1,0,0,0,0,0,2,-0.14571308449070025,0.03125841985456641
1266,0,0,1,0,0,0,0,0,2,-0.14003595826522403,0.03697825779550166
1267,0,0,0,0,0,0,0,0,2,-0.1348723544782077,0.010105432182746468
1268,0,0,1,0,0,0,0,0,2,-0.12140781616969773,0.007852462916880014
1269,0,0,0,0,0,0,0,0,2,-0.10648595663492179,-0.01041094337492009
1270,0,0,1,0,0,0,0,0,2,-0.11300208731891445,-0.008571294822583116
1271,0,0,0,0,0,0,0,0,2,-0.1013966314831602,0.02420491232585748
1272,0,0,0,0,0,0,0,0,2,-0.10946334840264176,0.004763844508775717
1273,0,0,0,0,0,0,0,0,2,-0.1211856816708429,0.023796360780435913
1274,0,0,1,0,0,0,0,1,2,-0.2358360334397539,0.17421396717576207
1275,0,0,1,0,0,0,0,1,1,-0.409169937228159,0.35504841333941395
1276,0,0,1,0,0,0,0,1,1,-0.45584747133819437,0.4354072015757034
1277,1,0,1,0,0,0,0,1,1,-0.48207478192987185,0.4749874546817552
1278,1,0,1,1,0,0,0,1,1,-0.49159104545067656,0.5007571220048702
1279,1,0,1,1,0,0,0,1,1,-0.4795543103085181,0.49998714584906234
1280,0,0,1,1,0,0,0,1,1,-0.46363461313931587,0.44901747754346083
1281,0,0,1,1,0,0,0,1,2,-0.4455667119779576,0.41274304001739137
1282,0,0,1,1,0,0,0,1,2,-0.4032212647205023,0.32453457284473664
1283,0,0,1,0,0,0,0,1,2,-0.27668372823207305,0.19625028744217396
1284,0,0,1,0,0,0,0,1,2,-0.21780301214771738,0.14238985010888422
1285,0,0,1,0,0,0,0,0,2,-0.18553180821120474,0.07989779772163413
1286,0,0,1,0,0,0,0,1,2,-0.22637805082118392,0.09141302602610696
1287,0,0,1,0,0,0,0,1,2,-0.35095252444520353,0.2654904013156498
1288,0,0,1,0,0,0,0,1,2,-0.38668818770920077,0.30425948573668526
1289,0,0,1,1,0,0,0,1,2,-0.393429860362391,0.3052970671805699
1290,0,0,1,1,0,0,0,1,2,-0.44062896130382895,0.3995878777074578
1291,0,0,1,1,0,0,0,1,2,-0.4603130750420908,0.4371603680100585
1292,0,0,1,1,0,0,0,1,2,-0.46375439101738225,0.4536290583782828
1293,0,0,1,1,0,0,0,1,2,-0.45416226388739517,0.4509869117939256
1294,0,0,1,1,0,0,0,1,2,-0.4024220085151396,0.38494825781028913
1295,0,0,1,1,0,0,0,1,2,-0.3411563002063256,0.31199521676171565
1296,0,1,1,1,0,0,0,1,2,-0.2831992687792273,0.27144762343653517
1297,0,1,1,1,0,0,0,1,2,-0.2337684775702656,0.2429810237923734
1298,0,1,1,0,0,0,0,1,2,-0.20228631934151053,0.20618673681134447
1299,0,0,1,1,0,0,0,1,2,-0.2999127675613732,0.3062388337658423
1300,0,0,1,1,0,0,0,1,2,-0.39599064218131597,0.4209201915655284
1301,0,1,1,1,0,0,0,1,2,-0.39246944263791916,0.4314873294757776
1302,0,0,1,1,0,0,0,1,2,-0.405168757472175,0.4240467725628006
1303,0,1,1,1,0,0,0,1,2,-0.38367913758204525,0.3817832133071006
1304,0,0,1,0,0,0,0,1,2,-0.36691076401084977,0.35780325571173105
1305,0,0,1,0,0,0,0,0,2,-0.18686236123597302,0.10661335246588441
1306,0,0,1,0,0,0,0,0,2,-0.15846044697498562,-0.045104615635385696
1307,0,0,1,0,0,0,0,0,2,-0.18621729489294878,-0.05244283721243086
1308,0,1,1,0,0,0,0,1,2,-0.3174007277840773,0.2916742269635984
1309,0,1,1,1,0,0,0,1,1,-0.48107675302583774,0.4632767328784163
1310,0,1,1,1,0,0,0,1,1,-0.49037460414240885,0.49179291377750856
1311,0,1,1,1,0,0,0,1,1,-0.479766102720245,0.49040830679433894
1312,0,1,1,1,0,0,0,1,1,-0.44849559827937474,0.4305034821032006
1313,0,0,1,0,0,0,0,1,2,-0.43270395657255956,0.39667268139065087
1314,1,0,1,0,0,0,0,1,2,-0.4235408919063814,0.3564558584966059
1315,1,1,1,0,0,0,0,1,2,-0.4272468223130808,0.3860574275635084
1316,1,1,1,0,0,0,0,1,2,-0.422980459741666,0.3732531147175712
1317,1,0,1,0,0,0,0,1,2,-0.3854659485391733,0.33365164920197493
1318,0,0,1,0,0,0,0,1,2,-0.36063990151083813,0.2892051086957125
1319,0,0,1,0,0,0,0,1,2,-0.40900311778808063,0.3384925229107274
1320,0,0,1,0,0,0,0,1,2,-0.4411215528368638,0.41522924553627427
1321,0,0,1,0,0,0,0,1,1,-0.4598641701289269,0.4456958278223233
1322,0,0,1,0,0,0,0,1,1,-0.45994362531468813,0.45438207759779237
1323,0,0,1,0,0,0,0,1,2,-0.29736087622663226,0.2715992155533871
1324,0,0,1,0,0,0,0,0,2,-0.24106790287891947,0.17532639356795693
1325,0,0,1,0,0,0,0,1,2,-0.3060423644814077,0.24244093907825448
1326,0,0,1,0,0,0,0,1,2,-0.41142440266527347,0.3692907810542045
1327,0,0,1,0,0,0,0,1,2,-0.421980319307247,0.38078312939768155
1328,0,0,1,0,0,0,0,1,2,-0.4113678049087819,0.3478327656569155
1329,0,0,1,0,0,0,0,1,2,-0.39912219173780417,0.33284390548023535
1330,0,0,1,0,0,0,0,1,2,-0.39588575345911325,0.3140490322900739
1331,0,0,1,0,0,0,0,1,2,-0.38056758431622784,0.29936987835007073
1332,0,0,1,0,0,0,0,1,2,-0.35109384132221366,0.26289661390412783
1333,0,0,1,0,0,0,0,1,2,-0.3128736625474534,0.21037930228110202
1334,0,0,1,0,0,0,0,1,2,-0.29402875458809413,0.2039588829257378
1335,0,0,1,0,0,0,0,1,2,-0.3035473230166214,0.23810866964049632
1336,0,0,1,0,0,0,0,1,2,-0.29647599715175793,0.25067061875138036
1337,0,0,1,0,0,0,0,1,2,-0.2853657540537442,0.19782223949502953
1338,0,0,1,0,0,0,0,1,2,-0.29671576462600285,0.21458007995725456
1339,0,0,1,0,0,0,0,1,2,-0.35845291225000686,0.3040535357952313
1340,0,1,1,0,0,0,0,1,2,-0.3953985282829596,0.3155217721604888
1341,0,0,1,0,0,0,0,1,1,-0.4183364264777323,0.3596719766378794
1342,0,0,1,0,0,0,0,1,1,-0.4442092450917699,0.39431321555380944
1343,0,0,1,0,0,0,0,1,1,-0.4548567265171043,0.4497616978325438
1344,0,0,1,0,0,0,0,1,1,-0.4541085777409057,0.42603366956801
1345,0,0,1,0,0,0,0,1,1,-0.4245604825003906,0.3863951113552933
1346,0,0,1,0,0,0,0,1,1,-0.43313320486585766,0.4130441163862613
1347,0,0,1,0,0,0,0,1,2,-0.40553107241775205,0.3674896408521913
1348,0,0,1,0,0,0,0,1,2,-0.4229002052881314,0.3867548287993199
1349,0,1,1,0,0,0,0,1,1,-0.42554803227080584,0.41897167190664286
1350,0,0,1,0,0,0,0,1,1,-0.4564301333371796,0.4520857090032413
1351,0,0,1,1,0,0,0,1,1,-0.4414427923865763,0.46739467972350346
1352,0,0,1,0,0,0,0,1,2,-0.38084473471482,0.3986277515742632
1353,0,0,1,0,0,0,0,0,2,-0.3070547071892131,0.30480349357056086
1354,0,0,1,0,0,0,0,0,2,-0.2228714327211492,0.2224911225003827
1355,0,0,1,0,0,0,0,0,2,-0.20901300869790204,0.12798029915919817
1356,0,0,1,0,0,0,0,0,2,-0.2215853572610956,0.14739338934764654
1357,0,0,1,0,0,0,0,0,2,-0.21178641120863373,0.14318322427080646
1358,0,0,1,0,0,0,0,0,2,-0.2507242791026856,0.2549421408973438
1359,0,0,1,0,0,0,0,0,2,-0.3609999448480697,0.3548042687562931
1360,0,0,1,0,0,0,0,0,2,-0.36222390143360067,0.31044489841320005
1361,0,1,1,0,0,0,0,1,2,-0.38001212601911427,0.3487122386056733
1362,0,0,1,0,0,0,0,1,2,-0.34529469525717255,0.35318087062210224
1363,0,0,1,0,0,0,0,1,2,-0.3511973918571848,0.32718002905235866
1364,0,1,1,0,0,0,0,1,2,-0.2948655966297099,0.24685049623152922
1365,0,0,1,0,0,0,0,0,2,-0.2519400241818452,0.24519377775294207
1366,0,0,1,0,0,0,0,0,2,-0.22028133262402236,0.15233658396295804
1367,0,0,1,0,0,0,0,0,2,-0.20018326884631904,0.07735247990900744
1368,0,0,0,0,0,0,0,0,2,-0.18664969543093135,0.035105635068918485
1369,0,0,0,0,0,0,0,0,0,-0.18262651105301067,0.09060000568187156
1370,0,1,0,0,0,0,0,0,0,-0.3214341158868353,0.32844168775543364
1371,0,1,0,0,0,0,0,1,2,-0.4024361826197588,0.40502555407951335
1372,0,1,0,0,0,0,0,0,2,-0.3666513761150113,0.40854141542589967
1373,0,1,0,0,0,0,0,0,2,-0.32091221716683854,0.3078360956983248
1374,0,1,0,0,0,0,0,1,6,-0.43087548911755325,0.3963517199644181
1375,0,1,0,0,0,0,0,1,6,-0.4289281614504658,0.41110246945601436
1376,0,1,0,0,0,0,0,1,6,-0.44943464488345564,0.4105192790463517
1377,0,1,0,1,0,0,0,1,2,-0.44749242158018454,0.4334435592433069
1378,0,1,0,1,0,0,0,1,2,-0.4500454849943421,0.4319187312013174
1379,0,0,0,1,0,0,0,1,2,-0.46106771588490936,0.4499105324518351
1380,0,0,0,1,0,0,0,1,2,-0.47546019322104066,0.467368851519974
1381,0,0,0,1,0,0,0,1,1,-0.4756939590412292,0.450832756763128
1382,0,0,0,1,0,0,0,1,1,-0.47137875758620024,0.4458533362975638
1383,0,0,0,1,0,0,0,1,1,-0.4739832162786594,0.4690753055727231
1384,0,0,1,0,0,0,0,1,6,-0.47306373132251844,0.42954867939452485
1385,0,0,0,0,0,0,0,1,6,-0.45489799870502856,0.40840131694015946
1386,0,0,1,0,0,0,0,1,2,-0.38972516721849776,0.33500012149115227
1387,0,0,1,0,0,0,0,0,0,-0.2702165078126678,0.23971589278478755
1388,0,0,1,0,0,0,0,0,0,-0.15726372332459224,0.21789389568086903
1389,0,0,1,0,0,0,0,0,0,-0.15187684907332846,0.22071809625547179
1390,0,0,1,0,0,0,0,1,2,-0.28570241818057474,0.24061104284881266
1391,0,0,1,0,0,0,0,1,2,-0.3427832112279966,0.2317902512977046
1392,0,1,1,0,0,0,0,1,2,-0.41272018341604927,0.2694728864650977
1393,0,1,1,0,0,0,0,1,2,-0.45285317554723736,0.3845024514686021
1394,0,1,1,0,0,0,0,1,2,-0.3464891256528637,0.2658887837560063
1395,0,1,1,0,0,0,0,1,2,-0.29116438340401823,0.27186418245669053
1396,0,0,1,0,0,0,0,1,2,-0.2676515905615433,0.3186816326403793
1397,0,1,1,1,0,0,0,1,2,-0.35597175795364344,0.4411913152159142
1398,0,0,1,1,0,0,0,1,2,-0.4280701974180135,0.5642627088895287
1399,0,0,1,0,0,0,0,0,2,-0.23728301669057392,0.21987577550431803
1400,0,0,1,0,0,0,0,1,2,-0.2961192701247791,0.311856177696762
1401,0,0,1,0,0,0,0,1,2,-0.37154664969574175,0.379758725531007
1402,0,0,1,1,0,0,0,1,2,-0.41002206127220564,0.43992433718430163
1403,0,0,1,1,0,0,0,1,2,-0.45869568466380434,0.49016376590895416
1404,0,0,1,1,0,0,0,1,2,-0.4615937973185762,0.4905034872200829
1405,0,0,1,1,0,0,0,1,1,-0.46402086121624486,0.5041398234346782
1406,0,1,1,1,0,0,0,1,2,-0.45593991735184225,0.47335251309222676
1407,0,1,1,1,0,0,0,1,2,-0.4038615402670601,0.4167039328573369
1408,0,0,1,1,0,0,0,1,2,-0.31877836185250136,0.32419085266117587
1409,0,0,1,0,0,0,0,0,2,-0.2736326593110694,0.22219791640772626
1410,0,0,1,0,0,0,0,1,2,-0.2883477181059884,0.21440999222135068
1411,0,0,1,1,0,0,0,1,2,-0.4000140272761009,0.36558609105965206
1412,0,0,1,1,0,0,0,1,2,-0.396873986179248,0.33701132513631715
1413,0,1,1,1,0,0,0,1,2,-0.38504498678651694,0.30014769883679315
1414,0,1,1,0,0,0,0,1,2,-0.3648001131989172,0.2349085812947075
1415,0,1,1,0,0,0,0,1,2,-0.37259535311941844,0.29499811987931784
1416,0,1,1,0,0,0,0,1,2,-0.40451237707671495,0.33984601522158625
1417,0,1,1,0,0,0,0,1,2,-0.4085633873366628,0.3870789505722074
1418,0,1,1,0,0,0,0,1,2,-0.4457651681230728,0.4109796971131703
1419,0,1,1,0,0,0,0,1,2,-0.4164439264629772,0.32365054456443565
1420,0,1,1,0,0,0,0,1,2,-0.40309319667147453,0.23661029771411488
1421,1,0,1,0,0,0,0,1,2,-0.45439360654640243,0.2883154233598983
1422,1,1,1,0,0,0,0,1,6,-0.5340865768326024,0.49465701586909977
1423,1,1,1,0,0,0,0,1,1,-0.5472785536166108,0.5526546793591575
1424,1,1,1,1,0,0,0,1,1,-0.5569517371178863,0.5430938411307962
1425,1,1,1,1,0,0,0,1,1,-0.555540710871068,0.5380586072814797
1426,1,1,1,0,0,0,0,1,1,-0.5051578790501624,0.4939891984287992
1427,0,0,1,0,0,0,0,1,2,-0.4265148187210129,0.35419756495148724
1428,0,0,1,0,0,0,0,1,2,-0.37645832779143296,0.28975938778297083
1429,0,0,1,0,0,0,0,1,2,-0.384240821150199,0.31277264783305947
1430,0,0,1,0,0,0,0,1,2,-0.319648306421617,0.26745241167219835
1431,0,0,1,0,0,0,0,1,2,-0.3187700428105401,0.2123662100516651
1432,0,0,1,0,0,0,0,1,2,-0.3305453715729527,0.2855407397728413
1433,0,1,1,0,0,0,0,1,2,-0.3427519115594853,0.28461813108725953
1434,0,0,1,0,0,0,0,0,2,-0.2746449569868243,0.20761521290497556
1435,0,1,1,0,0,0,0,0,2,-0.25808833744131815,0.19994301674887535
1436,1,1,1,0,0,0,0,0,2,-0.26299726838662635,0.22539341747515682
1437,1,1,1,0,0,0,0,1,2,-0.33324854764903555,0.2913136332491902
1438,1,1,1,1,0,0,0,1,1,-0.4468930414847196,0.4151029996512653
1439,1,1,1,1,0,0,0,1,1,-0.4521018515592196,0.4713880492827707
1440,0,0,1,0,0,0,0,1,1,-0.41373154455658023,0.4638332874073009
1441,0,1,1,0,0,0,0,0,2,-0.28500367558444856,0.39863605329178653
1442,0,1,1,0,0,0,0,0,2,-0.2756803103532692,0.4243075140678372
1443,1,1,1,0,0,0,0,0,1,-0.24391078870853808,0.3183234914230476
1444,0,1,1,0,0,0,0,0,1,-0.20615110326233618,0.18884486349691681
1445,1,1,1,0,0,0,0,0,2,-0.21187332094843062,0.16899853559995162
1446,0,0,1,0,0,0,0,0,2,-0.19776994390351899,0.1773945779637678
1447,0,1,1,0,0,0,0,0,1,-0.207036626010545,0.23692868142633836
1448,1,1,1,0,0,0,0,0,2,-0.2382368580376926,0.2564136918854752
1449,0,1,1,0,0,0,0,0,2,-0.22142588325138945,0.30157252635169574
1450,0,0,1,0,0,0,0,0,1,-0.18418201357187516,0.2890880746570856
1451,0,1,1,0,0,0,0,1,1,-0.292947366239356,0.39435172833404253
1452,0,1,1,0,0,0,0,1,2,-0.24933920026217637,0.40270669597176534
1453,0,1,1,0,0,0,0,0,2,-0.18902247558396898,0.15551838556941788
1454,0,1,1,0,0,0,0,0,2,-0.2107360267515393,0.2244588912734271
1455,0,1,1,0,0,0,0,0,2,-0.22518023356832073,0.27873075431163763
1456,0,1,1,0,0,0,0,0,2,-0.25321937029979097,0.3073848954058791
1457,0,1,1,0,0,0,0,1,2,-0.2978313835046721,0.32907531802591516
1458,0,1,1,0,0,0,0,1,2,-0.2550866418643732,0.2605042495201096
1459,0,1,1,0,0,0,0,0,2,-0.22830638428843633,0.22262332584757938
1460,0,1,1,0,0,0,0,0,2,-0.21301589972082233,0.18417987967596236
1461,0,0,1,0,0,0,0,0,2,-0.22648934835696743,0.16635606542082598
1462,0,0,1,0,0,0,0,0,2,-0.2375620685925242,0.17797742585504522
1463,0,0,1,0,0,0,0,1,2,-0.316475972101264,0.2950980650064976
1464,0,1,1,0,0,0,0,1,1,-0.364723724462429,0.3990945102352844
1465,0,1,1,0,0,0,0,1,2,-0.33731324463856016,0.29279700660538904
1466,0,0,1,0,0,0,0,0,2,-0.20986678827122024,0.0628501074388623
1467,0,0,1,0,0,0,0,0,2,-0.20196619632463958,0.06767307631793967
1468,0,0,1,0,0,0,0,0,2,-0.20800634276115731,0.1320062395994012
1469,0,0,1,0,0,0,0,1,2,-0.3167093083895069,0.3160267481151477
1470,0,1,1,1,0,0,0,1,1,-0.4098339004060683,0.40728897966542515
1471,0,1,1,1,0,0,0,1,1,-0.4157655088554174,0.4120342419176411
1472,0,1,1,0,0,0,0,1,1,-0.45710622388976746,0.4553676412140606
1473,0,1,1,0,0,0,0,1,1,-0.4864183485463544,0.518086319372646
1474,0,1,1,0,0,0,0,1,1,-0.4775545099607705,0.5164357054929591
1475,0,1,1,0,0,0,0,1,6,-0.47177503224060946,0.487370479949995
1476,1,1,1,0,0,0,0,1,6,-0.460158060322436,0.4717413436278308
1477,1,1,1,0,0,0,0,1,1,-0.48876447344848295,0.5029225245112013
1478,1,1,1,0,0,0,0,1,6,-0.4715423447326573,0.4808070175104627
1479,1,1,1,0,0,0,0,1,6,-0.4660859214223149,0.4460096081755564
1480,1,1,1,0,0,0,0,1,6,-0.4714291219647031,0.44905418384281026
1481,1,1,1,0,0,0,0,1,2,-0.3915380255968653,0.34065656754874474
1482,1,1,1,0,0,0,0,1,2,-0.40331216562710903,0.40548952337274763
1483,0,1,1,0,0,0,0,1,2,-0.39627649125299963,0.4075510787416101
1484,0,1,1,0,0,0,0,1,2,-0.3929664306036246,0.3394946506963797
1485,0,1,1,0,0,0,0,1,2,-0.2416508581832444,0.21822290296519267
1486,0,1,1,0,0,0,0,1,2,-0.28652046448214125,0.24120326416787538
1487,0,1,1,0,0,0,0,1,2,-0.26139165325347635,0.20129992392551346
1488,0,1,1,0,0,0,0,0,2,-0.25910291227046406,0.18801139594411082
1489,0,1,1,0,0,0,0,0,2,-0.257363050402522,0.2148473697016015
1490,0,1,1,0,0,0,0,1,2,-0.3106198177081655,0.2721652231595822
1491,0,1,0,0,0,0,0,1,2,-0.3861264427802158,0.36661198035213394
1492,0,1,1,0,0,0,0,1,6,-0.4424438828167408,0.42802912606030546
1493,0,1,1,0,0,0,0,1,1,-0.46106549213934506,0.44678066084069484
1494,0,1,1,0,0,0,0,1,1,-0.46891603690700756,0.4406607316310614
1495,0,1,1,1,0,0,0,1,1,-0.4711201183641894,0.4685782024385652
1496,0,1,1,1,0,0,0,1,1,-0.45729742913298616,0.4789767774146686
1497,0,1,1,0,0,0,0,1,2,-0.3963638451777546,0.40947238995852914
1498,0,0,1,0,0,0,0,1,2,-0.33288186130506037,0.31658537314567503
1499,0,0,1,0,0,0,0,1,2,-0.26871084741249346,0.24121471842456796
1500,0,0,1,0,0,0,0,0,2,-0.19463422047403203,0.06455144268999752
1501,0,1,1,0,0,0,0,1,2,-0.22826025107612008,0.0846582226651279
1502,0,1,1,0,0,0,0,1,2,-0.2867962949063727,0.2187106432025565
1503,0,1,1,0,0,0,0,1,2,-0.3503103040489613,0.2986643913226495
1504,1,1,1,0,0,0,0,1,2,-0.41498167092274685,0.3803714452630006
1505,1,1,1,0,0,0,0,1,6,-0.46434888636347177,0.4544660999304858
1506,1,1,1,0,0,0,0,1,6,-0.48087268073217465,0.4654820220710365
1507,1,1,1,0,0,0,0,1,6,-0.5085242715197781,0.5438696146807878
1508,1,1,1,0,0,0,0,1,6,-0.4950963122292274,0.49806377458949813
1509,1,1,1,0,0,0,0,1,2,-0.3904553109743191,0.35114525115779155
1510,0,1,1,0,0,0,0,0,2,-0.1865482320396328,0.05921726498605777
1511,1,1,1,0,0,0,0,1,2,-0.2738518748144423,0.15478737018757346
1512,1,1,1,0,0,0,0,1,6,-0.4715225138635632,0.46061712381809844
1513,1,1,1,1,0,0,0,1,2,-0.466072302039385,0.4720376467571201
1514,1,1,1,1,0,0,0,1,2,-0.4681590921031067,0.5279866788462783
1515,0,1,1,1,0,0,0,1,2,-0.4629701194952711,0.5320844101967706
1516,0,1,1,1,0,0,0,1,2,-0.44889997612565485,0.5353551244785959
1517,0,1,1,1,0,0,0,1,2,-0.39218766641524305,0.46235387408983347
1518,0,1,1,0,0,0,0,1,2,-0.3129293628057655,0.3004942892523678
1519,0,1,1,0,0,0,0,1,2,-0.3440917063267797,0.34336937506572873
1520,0,1,1,0,0,0,0,1,2,-0.33556675832063015,0.28324633243028075
1521,0,1,1,0,0,0,0,1,2,-0.22735248814493203,0.17275437021529982
1522,0,1,1,0,0,0,0,0,2,-0.1832958119683961,0.046311784437612434
1523,1,1,1,0,0,0,0,1,2,-0.28155712096639424,0.2781553483800962
1524,1,1,1,0,0,0,0,1,2,-0.42928339658522574,0.40861164429225016
1525,0,1,1,1,0,0,0,1,2,-0.41371721793640115,0.4101671188285476
1526,0,1,1,1,0,0,0,1,2,-0.3824846031501167,0.36000499389238505
1527,0,1,1,1,0,0,0,1,2,-0.4080537460628732,0.3948353458851526
1528,0,1,1,0,0,0,0,1,2,-0.3623227044529478,0.30788082558980306
1529,0,1,1,0,0,0,0,0,2,-0.24655223153317113,0.18432237260582798
1530,0,1,1,0,0,0,0,1,2,-0.30674390078945046,0.2757992831879834
1531,1,1,1,0,0,0,0,1,2,-0.4060513005909007,0.4091751078682902
1532,1,1,1,1,0,0,0,1,2,-0.46703787920667217,0.512966621405212
1533,1,1,1,0,0,0,0,1,2,-0.468665847058506,0.5040001038762152
1534,1,1,1,0,0,0,0,1,2,-0.4441778669091658,0.4830862933120346
1535,0,1,1,0,0,0,0,1,2,-0.3934439391431576,0.3650663996630004
1536,1,1,1,0,0,0,0,1,2,-0.39019675325375597,0.3544428826456791
1537,0,1,1,0,0,0,0,1,2,-0.4150757850128637,0.39597724796591416
1538,0,1,1,0,0,0,0,1,2,-0.4504583032974456,0.4701632708831886
1539,0,0,1,0,0,0,0,1,2,-0.43624987302418483,0.4152057203433574
1540,0,1,1,0,0,0,0,1,2,-0.42739201068233296,0.4257168644935038
